[
  {
    "LanguageTag": "Unit Conversion",
    "TranslationId": "Unit Conversion",
    "TranslationGroup": "Unit Conversion",
    "DisplayName": "Distance Unit Converter",
    "NativeName": 
"
    VAR __Value = __AGGREGATION__('__TABLE__'[__COLUMN__])
    VAR __UnitConversion = __CONVERSIONFACTOR__
RETURN
    __Value * __UnitConversion"
  },
  {
    "LanguageTag": "Unit Conversion",
    "TranslationId": "Unit Conversion",
    "TranslationGroup": "Unit Conversion",
    "DisplayName": "Volume Unit Converter",
    "NativeName": 
"
    VAR __Value = __AGGREGATION__('__TABLE__'[__COLUMN__])
    VAR __UnitConversion = __CONVERSIONFACTOR__
RETURN
    __Value * __UnitConversion"
  },
  {
    "LanguageTag": "Unit Conversion",
    "TranslationId": "Unit Conversion",
    "TranslationGroup": "Unit Conversion",
    "DisplayName": "Mass Unit Converter",
    "NativeName": 
"
    VAR __Value = __AGGREGATION__('__TABLE__'[__COLUMN__])
    VAR __UnitConversion = __CONVERSIONFACTOR__
RETURN
    __Value * __UnitConversion"
  },
  {
    "LanguageTag": "Unit Conversion",
    "TranslationId": "Unit Conversion",
    "TranslationGroup": "Unit Conversion",
    "DisplayName": "Area Unit Converter",
    "NativeName": 
"
    VAR __Value = __AGGREGATION__('__TABLE__'[__COLUMN__])
    VAR __UnitConversion = __CONVERSIONFACTOR__
RETURN
    __Value * __UnitConversion"
  },
  {
    "LanguageTag": "Unit Conversion",
    "TranslationId": "Unit Conversion",
    "TranslationGroup": "Unit Conversion",
    "DisplayName": "Density Unit Converter",
    "NativeName": 
"
    VAR __Value = __AGGREGATION__('__TABLE__'[__COLUMN__])
    VAR __UnitConversion = __CONVERSIONFACTOR__
RETURN
    __Value * __UnitConversion"
  },
  {
    "LanguageTag": "Unit Conversion",
    "TranslationId": "Unit Conversion",
    "TranslationGroup": "Unit Conversion",
    "DisplayName": "Velocity Unit Converter",
    "NativeName": 
"
    VAR __Value = __AGGREGATION__('__TABLE__'[__COLUMN__])
    VAR __UnitConversion = __CONVERSIONFACTOR__
RETURN
    __Value * __UnitConversion"
  },
  {
    "LanguageTag": "Unit Conversion",
    "TranslationId": "Unit Conversion",
    "TranslationGroup": "Unit Conversion",
    "DisplayName": "Temperature Unit Converter",
    "NativeName": 
" 
    VAR __Value = __AGGREGATION__('__TABLE__'[__COLUMN__])
RETURN
    (__Value__CONVERSIONFACTOR__"
  },
  {
    "LanguageTag": "Text",
    "TranslationId": "Text",
    "TranslationGroup": "Text",
    "DisplayName": "Text to Table",
    "NativeName": 
" 
    VAR __Column = __AGGREGATION__('__TABLE__'[__COLUMN__])
    VAR __Text = SUBSTITUTE(__Column,\"__SEPARATOR__\",\"|\")
    VAR __Length = PATHLENGTH(__Column)
    VAR __Table = 
        ADDCOLUMNS(
            GENERATESERIES(1,__Length,1),
            \"__Column\",PATHITEM(__Text,[Value],TEXT)
        )
RETURN
    COUNTROWS(__Table)"
  },
  {
    "LanguageTag": "Excel",
    "TranslationId": "Excel",
    "TranslationGroup": "Excel",
    "DisplayName": "TRIMMEAN",
    "NativeName": 
"
    VAR __Table = 
        ADDCOLUMNS(
            '__TABLE__',
            \"__Rank\",RANKX('__TABLE__',[__COLUMN__])
        )
    VAR __Percent = __PERCENT__
    VAR __Count = COUNTROWS(__Table)
    VAR __Trim = MROUND(__Count * __Percent,2) / 2
    VAR __MaxRank = MAXX(__Table,[__Rank])
    VAR __MinRank = MINX(__Table,[__Rank])
    VAR __RanksTable =
        ADDCOLUMNS(
            ADDCOLUMNS(
                GROUPBY(
                    __Table,
                    [__Rank],
                    \"__Count\",COUNTX(CURRENTGROUP(),[__COLUMN__]),
                    \"__Value\",MAXX(CURRENTGROUP(),[__COLUMN__])
                ),
                \"CumulativeBottomCount\",COUNTROWS(FILTER(__Table,[__Rank] >= EARLIER([__Rank]))),
                \"CumulativeTopCount\",COUNTROWS(FILTER(__Table,[__Rank] <= EARLIER([__Rank])))
            ),
            \"__BottomWhile\",__Trim - [CumulativeBottomCount],
            \"__TopWhile\",__Trim - [CumulativeTopCount]
        )
    VAR __MinBottom = MAXX(FILTER(__RanksTable,[__BottomWhile]<=0),[__BottomWhile])
    VAR __MinTop = MAXX(FILTER(__RanksTable,[__TopWhile]<=0),[__TopWhile])
    VAR __FinalBottomRankTable = 
        ADDCOLUMNS(
            FILTER(__RanksTable,[__BottomWhile]>=__MinBottom),
            \"__Product\",IF([__BottomWhile]>=0,[__Count]*[__Value],([__Count] + [__BottomWhile]) * [__Value])
        )
    VAR __FinalTopRankTable =
        ADDCOLUMNS(
            FILTER(__RanksTable,[__TopWhile]>=__MinTop),
            \"__Product\",IF([__TopWhile]>=0,[__Count]*[__Value],([__Count] + [__TopWhile]) * [__Value])
        )
    VAR __Bottom = SUMX(__FinalBottomRankTable,[__Product])
    VAR __Top = SUMX(__FinalTopRankTable,[__Product])
RETURN
    DIVIDE(
        SUMX(__Table,[__COLUMN__]) - __Bottom - __Top,
        __Count - 2 * __Trim
    )"
  },
  {
    "LanguageTag": "Excel",
    "TranslationId": "Excel",
    "TranslationGroup": "Excel",
    "DisplayName": "GAMMA",
    "NativeName": 
"
    VAR __zInput = __AGGREGATION__('__TABLE__'[__COLUMN__])
    VAR __p =
        {
            (0, 676.5203681218851),
            (1, -1259.1392167224028),
            (2, 771.32342877765313),
            (3, -176.61502916214059),
            (4, 12.507343278686905),
            (5, -0.13857109526572012),
            (6, 9.9843695780195716e-6),
            (7, 1.5056327351493116e-7)
        }
    VAR __EPSILON = 1e-7
    VAR __z = IF(__zInput < 0.5, 1 - __zInput - 1,__zInput - 1)
    VAR __pTable = 
        ADDCOLUMNS(
            __p,
            \"x\",[Value2] / (__z + [Value1] + 1)
        )
    VAR __x = 0.99999999999980993 + SUMX(__pTable,[x])
    VAR __t = __z + COUNTROWS(__pTable) - .5
    VAR __y = 
        IF(
            __zInput < 0.5,
            PI() / (SIN(PI() * __zInput) * SQRT(2*PI()) * POWER(__t,__z+0.5) * EXP(-1*__t) * __x),
            SQRT(2*PI()) * POWER(__t,__z+0.5) * EXP(-1*__t) * __x
        )
RETURN
    __y"
  },
  {
    "LanguageTag": "Time and Duration",
    "TranslationId": "Time and Duration",
    "TranslationGroup": "Time and Duration",
    "DisplayName": "Chelsie Eiden's Duration",
    "NativeName":
"
\/\/ Duration formatting 
\/\/ * @konstatinos 1/25/2016
\/\/ * Given a number of seconds, returns a format of \"hh:mm:ss\"
\/\/
	\/\/ We start with a duration in number of seconds
	VAR __Duration = __AGGREGATION__('__TABLE__'[__COLUMN__]) * __CONVERSIONFACTOR__
	\/\/ There are 3,600 seconds in an hour
	VAR __Hours = INT ( __Duration / 3600)
	\/\/ There are 60 seconds in a minute
	VAR __Minutes = INT ( MOD( __Duration - ( __Hours * 3600 ),3600 ) / 60)
	\/\/ Remaining seconds are the remainder of the seconds divided by 60 after subtracting out the hours 
	VAR __Seconds = ROUNDUP(MOD ( MOD( __Duration - ( __Hours * 3600 ),3600 ), 60 ),0) \/\/ We round up here to get a whole number
RETURN
	\/\/ We put the hours, minutes and seconds into the proper \"place\"
	__Hours * 10000 + __Minutes * 100 + __Seconds"
  },
  {
    "LanguageTag": "Other",
    "TranslationId": "Other",
    "TranslationGroup": "Other",
    "DisplayName": "Cthulhu",
    "NativeName":
"  
    VAR __Index = __AGGREGATION__([__INDEX__])
    VAR __Group = __AGGREGATION__([__COLUMN__])
    VAR __Table1 = FILTER(ALL('__TABLE__'),[__COLUMN__] = __Group && [__INDEX__] < __Index)
    VAR __Table2 = 
        ADDCOLUMNS(
            __Table1,
            \"__Diff\",
                [__INDEX__] - 
                    MAXX(
                        FILTER(
                            ALL('__TABLE__'),
                            [__INDEX__] < EARLIER([__INDEX__]) && [__COLUMN__] = EARLIER([__COLUMN__])
                        ),
                        [__INDEX__])
                    )
    VAR __Max = MAXX(__Table2,[__INDEX__])
    VAR __MaxStart = MAXX(FILTER(__Table2,[__Diff] > 1),[__INDEX__])
    VAR __Table3 = FILTER(__Table2,[__INDEX__] >= __MaxStart)
RETURN
    SWITCH(TRUE(),
        ISBLANK(__Max),1,
        __Max = __Index - 1,COUNTROWS(__Table3) + 1,
        1
    )"  
  },
  {
    "LanguageTag": "To Hell With",
    "TranslationId": "To Hell With",
    "TranslationGroup": "To Hell With",
    "DisplayName": "To Hell With MOD",
    "NativeName": 
"
    VAR __Value = __AGGREGATION__('__TABLE__'[__COLUMN__])
    VAR __Divisor = __DIVISOR__
RETURN
    __Value - __Divisor * INT( DIVIDE(__Value, __Divisor) )"
  },
  {
    "LanguageTag": "Time and Duration",
    "TranslationId": "Time and Duration",
    "TranslationGroup": "Time and Duration",
    "DisplayName": "Duration To Seconds",
    "NativeName": 
"
    VAR __SubText = SUBSTITUTE(__AGGREGATION__('__TABLE__'[__COLUMN__]),\":\",\"|\")
    VAR __Hours = VALUE( PATHITEM( __SubText, 1) ) * 3600
    VAR __Minutes = VALUE( PATHITEM(__SubText,2) ) * 60
    VAR __Seconds = VALUE( PATHITEM(__SubText,3) ) * 1
RETURN
    __Hours + __Minutes + __Seconds"  
  },
  {
    "LanguageTag": "Date Intelligence",
    "TranslationId": "Date Intelligence",
    "TranslationGroup": "Date Intelligence",
    "DisplayName": "Week Ending",
    "NativeName": 
"
Week Ending = 
    VAR __Date = __AGGREGATION__('__TABLE__'[__COLUMN__])
    VAR __WeekStarts = __VALUE__
    VAR __WeekDate = 
        MINX(
            FILTER(
                ADDCOLUMNS(
                    GENERATESERIES(__Date,__Date + 6,1),
                    \"__Weekday\",WEEKDAY([Value],__WeekStarts)
                ),
                [__Weekday] = 7
            ), [Value]
        )
RETURN
    __WeekDate"
  },
  {
    "LanguageTag": "Date Intelligence",
    "TranslationId": "Date Intelligence",
    "TranslationGroup": "Date Intelligence",
    "DisplayName": "Week Starting",
    "NativeName": 
"
Week Ending = 
    VAR __Date = __AGGREGATION__('__TABLE__'[__COLUMN__])
    VAR __WeekStarts = __VALUE__
    VAR __WeekDate = 
        MINX(
            FILTER(
                ADDCOLUMNS(
                    GENERATESERIES(__Date - 6,__Date,1),
                    \"__Weekday\",WEEKDAY([Value],__WeekStarts)
                ),
                [__Weekday] = 1
            ), [Value]
        )
RETURN
    __WeekDate"
  },
  {
    "LanguageTag": "Text",
    "TranslationId": "Text",
    "TranslationGroup": "Text",
    "DisplayName": "Replace From Right",
    "NativeName": 
"
    VAR __Replace = \"__REPLACE__\"
    VAR __Replacement = \"__REPLACEMENT__\"
    VAR __Instance = __INSTANCE__
    VAR __Text = __AGGREGATION__('__TABLE__'[__COLUMN__])
    VAR __Instances = LEN(__Text) - LEN(SUBSTITUTE(__Text,__Replace,\"\"))
    VAR __ReplacedText = 
        IF(
            __Instance > __Instances,
            __Text,
            SUBSTITUTE(__Text,__Replace,__Replacement,__Instances - __Instance + 1)
        )
RETURN
    __ReplacedText"
  },
  {
    "LanguageTag": "To Hell With",
    "TranslationId": "To Hell With",
    "TranslationGroup": "To Hell With",
    "DisplayName": "To Hell With MEDIAN",
    "NativeName": 
"
Median 2 = CONVERT(MEDIAN('__TABLE__'[__COLUMN__]),INTEGER)"
  },
  {
    "LanguageTag": "Maths",
    "TranslationId": "Maths",
    "TranslationGroup": "Maths",
    "DisplayName": "Mode",
    "NativeName": 
"
    VAR __Table = SUMMARIZE('__TABLE__',[__COLUMN__],\"__Count\",COUNTROWS('__TABLE__'))
    VAR __Max = MAXX(FILTER(__Table, [__Count] <> BLANK()),[__Count])
    VAR __Mode = MAXX(FILTER(__Table, [__Count] = __Max),[__COLUMN__])
RETURN
    __Mode"  
  },
  {
    "LanguageTag": "Excel",
    "TranslationId": "Excel",
    "TranslationGroup": "Excel",
    "DisplayName": "KURT",
    "NativeName": 
"
    VAR __mean = AVERAGEX(ALL('__TABLE__'),[__COLUMN__])
    VAR __stddev = STDEVX.P(ALL('__TABLE__'),[__COLUMN__])
    VAR __n = COUNTROWS(ALL('__TABLE__'))
    VAR __table = ADDCOLUMNS('__TABLE__',\"__skew\",POWER(([__COLUMN__] - __mean), 4))
    VAR __sum = SUMX(__table, [__skew])
RETURN
    DIVIDE(__sum, POWER(__stddev, 4), 0) * DIVIDE(1, __n, 0)"  
  },
  {
    "LanguageTag": "To Hell With",
    "TranslationId": "To Hell With",
    "TranslationGroup": "To Hell With",
    "DisplayName": "To Hell With STARTOFYEAR",
    "NativeName": 
"
    VAR __Date = __AGGREGATION__('__TABLE__'[__COLUMN__])
RETURN
    DATE(YEAR(__Date),1,1)"  
  },
  {
    "LanguageTag": "To Hell With",
    "TranslationId": "To Hell With",
    "TranslationGroup": "To Hell With",
    "DisplayName": "To Hell With ENDOFYEAR",
    "NativeName": 
"
    VAR __Date = __AGGREGATION__('__TABLE__'[__COLUMN__])
RETURN
    DATE(YEAR(__Date),12,31)"  
  },
  {
    "LanguageTag": "To Hell With",
    "TranslationId": "To Hell With",
    "TranslationGroup": "To Hell With",
    "DisplayName": "To Hell With NEXTDAY",
    "NativeName": 
"
    VAR __Date = __AGGREGATION__('__TABLE__'[__COLUMN__])
RETURN
    __Date + 1"  
  },
  {
    "LanguageTag": "To Hell With",
    "TranslationId": "To Hell With",
    "TranslationGroup": "To Hell With",
    "DisplayName": "To Hell With PREVIOUSDAY",
    "NativeName": 
"
    VAR __Date = __AGGREGATION__('__TABLE__'[__COLUMN__])
RETURN
    __Date - 1"  
  },
  {
    "LanguageTag": "To Hell With",
    "TranslationId": "To Hell With",
    "TranslationGroup": "To Hell With",
    "DisplayName": "To Hell With STARTOFMONTH",
    "NativeName": 
"
    VAR __Date = __AGGREGATION__('__TABLE__'[__COLUMN__])
    VAR __Month = MONTH(__Date)
    VAR __Year = YEAR(__Date)
RETURN
    DATE(__Year,__Month,1)"  
  },
  {
    "LanguageTag": "To Hell With",
    "TranslationId": "To Hell With",
    "TranslationGroup": "To Hell With",
    "DisplayName": "To Hell With ENDOFMONTH",
    "NativeName": 
"
    VAR __Date = __AGGREGATION__('__TABLE__'[__COLUMN__])
RETURN
    EOMONTH(__Date,0)"  
  },
  {
    "LanguageTag": "Lookup",
    "TranslationId": "Lookup",
    "TranslationGroup": "Lookup",
    "DisplayName": "Lookup Min",
    "NativeName": 
"
    VAR __Table = 
        SUMMARIZE(
            '__TABLE__',
            [__LOOKUPCOLUMN__],
            \"__Value\",__AGGREGATION__('__TABLE__'[__COLUMN__])
        )
    VAR __Min = MINX(__Table,[__Value])
RETURN
    MINX(FILTER(__Table,[__Value] = __Min),[__COLUMN__])"  
  },
  {
    "LanguageTag": "Lookup",
    "TranslationId": "Lookup",
    "TranslationGroup": "Lookup",
    "DisplayName": "Lookup Max",
    "NativeName": 
"
    VAR __Table = 
        SUMMARIZE(
            '__TABLE__',
            [__LOOKUPCOLUMN__],
            \"__Value\",__AGGREGATION__('__TABLE__'[__COLUMN__])
        )
    VAR __Max = MAXX(__Table,[__Value])
RETURN
    MAXX(FILTER(__Table,[__Value] = __Max),[__COLUMN__])"  
  },
  {
    "LanguageTag": "Lookup",
    "TranslationId": "Lookup",
    "TranslationGroup": "Lookup",
    "DisplayName": "Lookup Min Simple",
    "NativeName": 
"
    VAR __Table = '__TABLE__'
    VAR __Min = MINX(__Table,[__LOOKUPCOLUMN__])
RETURN
    MINX(FILTER(__Table,[__LOOKUPCOLUMN__] = __Min),[__COLUMN__])"  
  },
  {
    "LanguageTag": "Lookup",
    "TranslationId": "Lookup",
    "TranslationGroup": "Lookup",
    "DisplayName": "Lookup Max Simple",
    "NativeName": 
"
    VAR __Table = '__TABLE__'
    VAR __Max = MAXX(__Table,[__LOOKUPCOLUMN__])
RETURN
    MAXX(FILTER(__Table,[__LOOKUPCOLUMN__] = __Max),[__COLUMN__])"  
  },
  {
    "LanguageTag": "Other",
    "TranslationId": "Other",
    "TranslationGroup": "Other",
    "DisplayName": "Going The Distance",
    "NativeName": 
"
    VAR __FromLat = __AGGREGATION__('__TABLE__'[__LAT1__])
    VAR __FromLong = __AGGREGATION__('__TABLE__'[__LONG1__])
    VAR __ToLat = __AGGREGATION__('__TABLE__'[__LAT2__])
    VAR __ToLong = __AGGREGATION__('__TABLE__'[__LONG2__])
    VAR __distanceLong = RADIANS(__ToLong - __FromLong)
    VAR __distanceLat = RADIANS(__ToLat - __FromLat)
    VAR __a = (SIN(__distanceLat/2))^2 + COS(RADIANS(__FromLat)) * COS(RADIANS(__ToLat)) * SIN((__distanceLong/2))^2
    VAR __y = SQRT(__a)
    VAR __x = SQRT(1 - __a)
    VAR __atan2 = 
        SWITCH(
            TRUE(),
            __x > 0, ATAN(__y/__x),
            __x < 0 && __y >= 0, ATAN(__y/__x) + PI(),
            __x < 0 && __y < 0, ATAN(__y/__x) - PI(),
            __x = 0 && __y > 0, PI()/2,
            __x = 0 && __y < 0, PI()/2 * (0-1),
            BLANK()
        )
    VAR __c = 2 * __atan2
RETURN
    __c * __CONVERSIONFACTOR__"  
  },
  {
    "LanguageTag": "Maths",
    "TranslationId": "Maths",
    "TranslationGroup": "Maths",
    "DisplayName": "ATAN2",
    "NativeName": 
"
    VAR __x = __AGGREGATION__('__TABLE__'[__COLUMN__])
    VAR __y = __AGGREGATION__('__TABLE__'[__COLUMN1__])
    VAR __atan2 = 
        SWITCH(
            TRUE(),
            __x > 0, ATAN(__y/__x),
            __x < 0 && __y >= 0, ATAN(__y/__x) + PI(),
            __x < 0 && __y < 0, ATAN(__y/__x) - PI(),
            __x = 0 && __y > 0, PI()/2,
            __x = 0 && __y < 0, PI()/2 * (0-1),
            BLANK()
        )
RETURN
    __atan2"  
  },
  {
    "LanguageTag": "Date Intelligence",
    "TranslationId": "Date Intelligence",
    "TranslationGroup": "Date Intelligence",
    "DisplayName": "Net Work Days",
    "NativeName": 
"
    VAR __Calendar = 
        ADDCOLUMNS(
            CALENDAR(
                __AGGREGATION__('__TABLE__'[__COLUMN__]),
                __AGGREGATION__('__TABLE__'[__COLUMN1__])
            ),
            \"__WeekDay\",WEEKDAY([Date],2)
        )
RETURN
    COUNTROWS(FILTER(__Calendar,[__WeekDay] < 6))"  
  },
  {
    "LanguageTag": "Maths",
    "TranslationId": "Maths",
    "TranslationGroup": "Maths",
    "DisplayName": "Cartesian to Polar (r)",
    "NativeName": 
"
    VAR __x = __AGGREGATION__('__TABLE__'[__COLUMN__])
    VAR __y = __AGGREGATION__('__TABLE__'[__COLUMN1__])
    VAR __r = SQRT(POWER(__x, 2) + POWER(__y, 2))
RETURN
    __r"
  },
  {
    "LanguageTag": "Maths",
    "TranslationId": "Maths",
    "TranslationGroup": "Maths",
    "DisplayName": "Polar to Cartesian (x)",
    "NativeName": 
"
    VAR __r = __AGGREGATION__('__TABLE__'[__COLUMN__])
    VAR __theta = __AGGREGATION__('__TABLE__'[__COLUMN1__])
    VAR __x = __r * COS(__theta)
RETURN
    __x"
  },
  {
    "LanguageTag": "Maths",
    "TranslationId": "Maths",
    "TranslationGroup": "Maths",
    "DisplayName": "Polar to Cartesian (y)",
    "NativeName": 
"
    VAR __r = __AGGREGATION__('__TABLE__'[__COLUMN__])
    VAR __theta = __AGGREGATION__('__TABLE__'[__COLUMN1__])
    VAR __y = __r * SIN(__theta)
RETURN
    __y"
  }
]