[
  {
    "LanguageTag": "Unit Conversion",
    "TranslationId": "Unit Conversion",
    "TranslationGroup": "Unit Conversion",
    "DisplayName": "Distance Unit Converter",
    "NativeName": 
"
    VAR __Value = __AGGREGATION__('__TABLE__'[__COLUMN__])
    VAR __UnitConversion = __CONVERSIONFACTOR__
RETURN
    __Value * __UnitConversion"
  },
  {
    "LanguageTag": "Unit Conversion",
    "TranslationId": "Unit Conversion",
    "TranslationGroup": "Unit Conversion",
    "DisplayName": "Volume Unit Converter",
    "NativeName": 
"
    VAR __Value = __AGGREGATION__('__TABLE__'[__COLUMN__])
    VAR __UnitConversion = __CONVERSIONFACTOR__
RETURN
    __Value * __UnitConversion"
  },
  {
    "LanguageTag": "Unit Conversion",
    "TranslationId": "Unit Conversion",
    "TranslationGroup": "Unit Conversion",
    "DisplayName": "Mass Unit Converter",
    "NativeName": 
"
    VAR __Value = __AGGREGATION__('__TABLE__'[__COLUMN__])
    VAR __UnitConversion = __CONVERSIONFACTOR__
RETURN
    __Value * __UnitConversion"
  },
  {
    "LanguageTag": "Unit Conversion",
    "TranslationId": "Unit Conversion",
    "TranslationGroup": "Unit Conversion",
    "DisplayName": "Area Unit Converter",
    "NativeName": 
"
    VAR __Value = __AGGREGATION__('__TABLE__'[__COLUMN__])
    VAR __UnitConversion = __CONVERSIONFACTOR__
RETURN
    __Value * __UnitConversion"
  },
  {
    "LanguageTag": "Unit Conversion",
    "TranslationId": "Unit Conversion",
    "TranslationGroup": "Unit Conversion",
    "DisplayName": "Density Unit Converter",
    "NativeName": 
"
    VAR __Value = __AGGREGATION__('__TABLE__'[__COLUMN__])
    VAR __UnitConversion = __CONVERSIONFACTOR__
RETURN
    __Value * __UnitConversion"
  },
  {
    "LanguageTag": "Unit Conversion",
    "TranslationId": "Unit Conversion",
    "TranslationGroup": "Unit Conversion",
    "DisplayName": "Velocity Unit Converter",
    "NativeName": 
"
    VAR __Value = __AGGREGATION__('__TABLE__'[__COLUMN__])
    VAR __UnitConversion = __CONVERSIONFACTOR__
RETURN
    __Value * __UnitConversion"
  },
  {
    "LanguageTag": "Unit Conversion",
    "TranslationId": "Unit Conversion",
    "TranslationGroup": "Unit Conversion",
    "DisplayName": "Temperature Unit Converter",
    "NativeName": 
" 
    VAR __Value = __AGGREGATION__('__TABLE__'[__COLUMN__])
RETURN
    (__Value__CONVERSIONFACTOR__"
  },
  {
    "LanguageTag": "Text",
    "TranslationId": "Text",
    "TranslationGroup": "Text",
    "DisplayName": "Text to Table",
    "NativeName": 
" 
    VAR __Column = __AGGREGATION__('__TABLE__'[__COLUMN__])
    VAR __Text = SUBSTITUTE(__Column,\"__SEPARATOR__\",\"|\")
    VAR __Length = PATHLENGTH(__Column)
    VAR __Table = 
        ADDCOLUMNS(
            GENERATESERIES(1,__Length,1),
            \"__Column\",PATHITEM(__Text,[Value],TEXT)
        )
RETURN
    COUNTROWS(__Table)"
  },
  {
    "LanguageTag": "Excel",
    "TranslationId": "Excel",
    "TranslationGroup": "Excel",
    "DisplayName": "TRIMMEAN",
    "NativeName": 
"
    VAR __Table = 
        ADDCOLUMNS(
            '__TABLE__',
            \"__Rank\",RANKX('__TABLE__',[__COLUMN__])
        )
    VAR __Percent = __PARAM1__
    VAR __Count = COUNTROWS(__Table)
    VAR __Trim = MROUND(__Count * __Percent,2) / 2
    VAR __MaxRank = MAXX(__Table,[__Rank])
    VAR __MinRank = MINX(__Table,[__Rank])
    VAR __RanksTable =
        ADDCOLUMNS(
            ADDCOLUMNS(
                GROUPBY(
                    __Table,
                    [__Rank],
                    \"__Count\",COUNTX(CURRENTGROUP(),[__COLUMN__]),
                    \"__Value\",MAXX(CURRENTGROUP(),[__COLUMN__])
                ),
                \"CumulativeBottomCount\",COUNTROWS(FILTER(__Table,[__Rank] >= EARLIER([__Rank]))),
                \"CumulativeTopCount\",COUNTROWS(FILTER(__Table,[__Rank] <= EARLIER([__Rank])))
            ),
            \"__BottomWhile\",__Trim - [CumulativeBottomCount],
            \"__TopWhile\",__Trim - [CumulativeTopCount]
        )
    VAR __MinBottom = MAXX(FILTER(__RanksTable,[__BottomWhile]<=0),[__BottomWhile])
    VAR __MinTop = MAXX(FILTER(__RanksTable,[__TopWhile]<=0),[__TopWhile])
    VAR __FinalBottomRankTable = 
        ADDCOLUMNS(
            FILTER(__RanksTable,[__BottomWhile]>=__MinBottom),
            \"__Product\",IF([__BottomWhile]>=0,[__Count]*[__Value],([__Count] + [__BottomWhile]) * [__Value])
        )
    VAR __FinalTopRankTable =
        ADDCOLUMNS(
            FILTER(__RanksTable,[__TopWhile]>=__MinTop),
            \"__Product\",IF([__TopWhile]>=0,[__Count]*[__Value],([__Count] + [__TopWhile]) * [__Value])
        )
    VAR __Bottom = SUMX(__FinalBottomRankTable,[__Product])
    VAR __Top = SUMX(__FinalTopRankTable,[__Product])
RETURN
    DIVIDE(
        SUMX(__Table,[__COLUMN__]) - __Bottom - __Top,
        __Count - 2 * __Trim
    )"
  },
  {
    "LanguageTag": "Excel",
    "TranslationId": "Excel",
    "TranslationGroup": "Excel",
    "DisplayName": "GAMMA",
    "NativeName": 
"
    VAR __zInput = __AGGREGATION__('__TABLE__'[__COLUMN__])
    VAR __p =
        {
            (0, 676.5203681218851),
            (1, -1259.1392167224028),
            (2, 771.32342877765313),
            (3, -176.61502916214059),
            (4, 12.507343278686905),
            (5, -0.13857109526572012),
            (6, 9.9843695780195716e-6),
            (7, 1.5056327351493116e-7)
        }
    VAR __EPSILON = 1e-7
    VAR __z = IF(__zInput < 0.5, 1 - __zInput - 1,__zInput - 1)
    VAR __pTable = 
        ADDCOLUMNS(
            __p,
            \"x\",[Value2] / (__z + [Value1] + 1)
        )
    VAR __x = 0.99999999999980993 + SUMX(__pTable,[x])
    VAR __t = __z + COUNTROWS(__pTable) - .5
    VAR __y = 
        IF(
            __zInput < 0.5,
            PI() / (SIN(PI() * __zInput) * SQRT(2*PI()) * POWER(__t,__z+0.5) * EXP(-1*__t) * __x),
            SQRT(2*PI()) * POWER(__t,__z+0.5) * EXP(-1*__t) * __x
        )
RETURN
    __y"
  },
  {
    "LanguageTag": "Time and Duration",
    "TranslationId": "Time and Duration",
    "TranslationGroup": "Time and Duration",
    "DisplayName": "Chelsie Eiden's Duration",
    "NativeName":
"
\/\/ Duration formatting 
\/\/ * @konstatinos 1/25/2016
\/\/ * Given a number of seconds, returns a format of \"hh:mm:ss\"
\/\/
	\/\/ We start with a duration in number of seconds
	VAR __Duration = __AGGREGATION__('__TABLE__'[__COLUMN__]) * __CONVERSIONFACTOR__
	\/\/ There are 3,600 seconds in an hour
	VAR __Hours = INT ( __Duration / 3600)
	\/\/ There are 60 seconds in a minute
	VAR __Minutes = INT ( MOD( __Duration - ( __Hours * 3600 ),3600 ) / 60)
	\/\/ Remaining seconds are the remainder of the seconds divided by 60 after subtracting out the hours 
	VAR __Seconds = ROUNDUP(MOD ( MOD( __Duration - ( __Hours * 3600 ),3600 ), 60 ),0) \/\/ We round up here to get a whole number
RETURN
	\/\/ We put the hours, minutes and seconds into the proper \"place\"
	__Hours * 10000 + __Minutes * 100 + __Seconds"
  },
  {
    "LanguageTag": "Other",
    "TranslationId": "Other",
    "TranslationGroup": "Other",
    "DisplayName": "Cthulhu",
    "NativeName":
"  
    VAR __Index = __AGGREGATION__([__INDEX__])
    VAR __Group = __AGGREGATION__([__COLUMN__])
    VAR __Table1 = FILTER(ALL('__TABLE__'),[__COLUMN__] = __Group && [__INDEX__] < __Index)
    VAR __Table2 = 
        ADDCOLUMNS(
            __Table1,
            \"__Diff\",
                [__INDEX__] - 
                    MAXX(
                        FILTER(
                            ALL('__TABLE__'),
                            [__INDEX__] < EARLIER([__INDEX__]) && [__COLUMN__] = EARLIER([__COLUMN__])
                        ),
                        [__INDEX__])
                    )
    VAR __Max = MAXX(__Table2,[__INDEX__])
    VAR __MaxStart = MAXX(FILTER(__Table2,[__Diff] > 1),[__INDEX__])
    VAR __Table3 = FILTER(__Table2,[__INDEX__] >= __MaxStart)
RETURN
    SWITCH(TRUE(),
        ISBLANK(__Max),1,
        __Max = __Index - 1,COUNTROWS(__Table3) + 1,
        1
    )"  
  },
  {
    "LanguageTag": "To Hell With",
    "TranslationId": "To Hell With",
    "TranslationGroup": "To Hell With",
    "DisplayName": "To Hell With MOD",
    "NativeName": 
"
    VAR __Value = __AGGREGATION__('__TABLE__'[__COLUMN__])
    VAR __Divisor = __DIVISOR__
RETURN
    __Value - __Divisor * INT( DIVIDE(__Value, __Divisor) )"
  },
  {
    "LanguageTag": "Time and Duration",
    "TranslationId": "Time and Duration",
    "TranslationGroup": "Time and Duration",
    "DisplayName": "Duration To Seconds",
    "NativeName": 
"
    VAR __SubText = SUBSTITUTE(__AGGREGATION__('__TABLE__'[__COLUMN__]),\":\",\"|\")
    VAR __Hours = VALUE( PATHITEM( __SubText, 1) ) * 3600
    VAR __Minutes = VALUE( PATHITEM(__SubText,2) ) * 60
    VAR __Seconds = VALUE( PATHITEM(__SubText,3) ) * 1
RETURN
    __Hours + __Minutes + __Seconds"  
  },
  {
    "LanguageTag": "Date Intelligence",
    "TranslationId": "Date Intelligence",
    "TranslationGroup": "Date Intelligence",
    "DisplayName": "Week Ending",
    "NativeName": 
"
    VAR __Date = __AGGREGATION__('__TABLE__'[__COLUMN__])
    VAR __WeekStarts = __VALUE__
    VAR __WeekDate = 
        MINX(
            FILTER(
                ADDCOLUMNS(
                    GENERATESERIES(__Date,__Date + 6,1),
                    \"__Weekday\",WEEKDAY([Value],__WeekStarts)
                ),
                [__Weekday] = 7
            ), [Value]
        )
RETURN
    __WeekDate"
  },
  {
    "LanguageTag": "Date Intelligence",
    "TranslationId": "Date Intelligence",
    "TranslationGroup": "Date Intelligence",
    "DisplayName": "Week Starting",
    "NativeName": 
"
    VAR __Date = __AGGREGATION__('__TABLE__'[__COLUMN__])
    VAR __WeekStarts = __VALUE__
    VAR __WeekDate = 
        MINX(
            FILTER(
                ADDCOLUMNS(
                    GENERATESERIES(__Date - 6,__Date,1),
                    \"__Weekday\",WEEKDAY([Value],__WeekStarts)
                ),
                [__Weekday] = 1
            ), [Value]
        )
RETURN
    __WeekDate"
  },
  {
    "LanguageTag": "Text",
    "TranslationId": "Text",
    "TranslationGroup": "Text",
    "DisplayName": "Replace From Right",
    "NativeName": 
"
    VAR __Replace = \"__PARAM1__\"
    VAR __Replacement = \"__PARAM2__\"
    VAR __Instance = __PARAM3__
    VAR __Text = __AGGREGATION__('__TABLE__'[__COLUMN__])
    VAR __Instances = LEN(__Text) - LEN(SUBSTITUTE(__Text,__Replace,\"\"))
    VAR __ReplacedText = 
        IF(
            __Instance > __Instances,
            __Text,
            SUBSTITUTE(__Text,__Replace,__Replacement,__Instances - __Instance + 1)
        )
RETURN
    __ReplacedText"
  },
  {
    "LanguageTag": "To Hell With",
    "TranslationId": "To Hell With",
    "TranslationGroup": "To Hell With",
    "DisplayName": "To Hell With MEDIAN",
    "NativeName": 
"
Median 2 = CONVERT(MEDIAN('__TABLE__'[__COLUMN__]),INTEGER)"
  },
  {
    "LanguageTag": "Maths",
    "TranslationId": "Maths",
    "TranslationGroup": "Maths",
    "DisplayName": "Mode",
    "NativeName": 
"
    VAR __Table = SUMMARIZE('__TABLE__',[__COLUMN__],\"__Count\",COUNTROWS('__TABLE__'))
    VAR __Max = MAXX(FILTER(__Table, [__Count] <> BLANK()),[__Count])
    VAR __Mode = MAXX(FILTER(__Table, [__Count] = __Max),[__COLUMN__])
RETURN
    __Mode"  
  },
  {
    "LanguageTag": "Excel",
    "TranslationId": "Excel",
    "TranslationGroup": "Excel",
    "DisplayName": "KURT",
    "NativeName": 
"
    VAR __mean = AVERAGEX(ALL('__TABLE__'),[__COLUMN__])
    VAR __stddev = STDEVX.P(ALL('__TABLE__'),[__COLUMN__])
    VAR __n = COUNTROWS(ALL('__TABLE__'))
    VAR __table = ADDCOLUMNS('__TABLE__',\"__skew\",POWER(([__COLUMN__] - __mean), 4))
    VAR __sum = SUMX(__table, [__skew])
RETURN
    DIVIDE(__sum, POWER(__stddev, 4), 0) * DIVIDE(1, __n, 0)"  
  },
  {
    "LanguageTag": "To Hell With",
    "TranslationId": "To Hell With",
    "TranslationGroup": "To Hell With",
    "DisplayName": "To Hell With STARTOFYEAR",
    "NativeName": 
"
    VAR __Date = __AGGREGATION__('__TABLE__'[__COLUMN__])
RETURN
    DATE(YEAR(__Date),1,1)"  
  },
  {
    "LanguageTag": "To Hell With",
    "TranslationId": "To Hell With",
    "TranslationGroup": "To Hell With",
    "DisplayName": "To Hell With ENDOFYEAR",
    "NativeName": 
"
    VAR __Date = __AGGREGATION__('__TABLE__'[__COLUMN__])
RETURN
    DATE(YEAR(__Date),12,31)"  
  },
  {
    "LanguageTag": "To Hell With",
    "TranslationId": "To Hell With",
    "TranslationGroup": "To Hell With",
    "DisplayName": "To Hell With NEXTDAY",
    "NativeName": 
"
    VAR __Date = __AGGREGATION__('__TABLE__'[__COLUMN__])
RETURN
    __Date + 1"  
  },
  {
    "LanguageTag": "To Hell With",
    "TranslationId": "To Hell With",
    "TranslationGroup": "To Hell With",
    "DisplayName": "To Hell With PREVIOUSDAY",
    "NativeName": 
"
    VAR __Date = __AGGREGATION__('__TABLE__'[__COLUMN__])
RETURN
    __Date - 1"  
  },
  {
    "LanguageTag": "To Hell With",
    "TranslationId": "To Hell With",
    "TranslationGroup": "To Hell With",
    "DisplayName": "To Hell With STARTOFMONTH",
    "NativeName": 
"
    VAR __Date = __AGGREGATION__('__TABLE__'[__COLUMN__])
    VAR __Month = MONTH(__Date)
    VAR __Year = YEAR(__Date)
RETURN
    DATE(__Year,__Month,1)"  
  },
  {
    "LanguageTag": "To Hell With",
    "TranslationId": "To Hell With",
    "TranslationGroup": "To Hell With",
    "DisplayName": "To Hell With ENDOFMONTH",
    "NativeName": 
"
    VAR __Date = __AGGREGATION__('__TABLE__'[__COLUMN__])
RETURN
    EOMONTH(__Date,0)"  
  },
  {
    "LanguageTag": "Lookup",
    "TranslationId": "Lookup",
    "TranslationGroup": "Lookup",
    "DisplayName": "Lookup Min",
    "NativeName": 
"
    VAR __Table = 
        SUMMARIZE(
            '__TABLE__',
            [__COLUMN__],
            \"__Value\",__AGGREGATION__('__TABLE__'[__PARAM1__])
        )
    VAR __Min = MINX(__Table,[__Value])
RETURN
    MINX(FILTER(__Table,[__Value] = __Min),[__COLUMN__])"  
  },
  {
    "LanguageTag": "Lookup",
    "TranslationId": "Lookup",
    "TranslationGroup": "Lookup",
    "DisplayName": "Lookup Max",
    "NativeName": 
"
    VAR __Table = 
        SUMMARIZE(
            '__TABLE__',
            [__COLUMN__],
            \"__Value\",__AGGREGATION__('__TABLE__'[__PARAM1__])
        )
    VAR __Max = MAXX(__Table,[__Value])
RETURN
    MAXX(FILTER(__Table,[__Value] = __Max),[__COLUMN__])"  
  },
  {
    "LanguageTag": "Lookup",
    "TranslationId": "Lookup",
    "TranslationGroup": "Lookup",
    "DisplayName": "Lookup Min Simple",
    "NativeName": 
"
    VAR __Table = '__TABLE__'
    VAR __Min = MINX(__Table,[__PARAM1__])
RETURN
    MINX(FILTER(__Table,[__PARAM1__] = __Min),[__COLUMN__])"  
  },
  {
    "LanguageTag": "Lookup",
    "TranslationId": "Lookup",
    "TranslationGroup": "Lookup",
    "DisplayName": "Lookup Max Simple",
    "NativeName": 
"
    VAR __Table = '__TABLE__'
    VAR __Max = MAXX(__Table,[__PARAM1__])
RETURN
    MAXX(FILTER(__Table,[__PARAM1__] = __Max),[__COLUMN__])"  
  },
  {
    "LanguageTag": "Other",
    "TranslationId": "Other",
    "TranslationGroup": "Other",
    "DisplayName": "Going The Distance",
    "NativeName": 
"
    VAR __FromLat = __AGGREGATION__('__TABLE__'[__LAT1__])
    VAR __FromLong = __AGGREGATION__('__TABLE__'[__LONG1__])
    VAR __ToLat = __AGGREGATION__('__TABLE__'[__LAT2__])
    VAR __ToLong = __AGGREGATION__('__TABLE__'[__LONG2__])
    VAR __distanceLong = RADIANS(__ToLong - __FromLong)
    VAR __distanceLat = RADIANS(__ToLat - __FromLat)
    VAR __a = (SIN(__distanceLat/2))^2 + COS(RADIANS(__FromLat)) * COS(RADIANS(__ToLat)) * SIN((__distanceLong/2))^2
    VAR __y = SQRT(__a)
    VAR __x = SQRT(1 - __a)
    VAR __atan2 = 
        SWITCH(
            TRUE(),
            __x > 0, ATAN(__y/__x),
            __x < 0 && __y >= 0, ATAN(__y/__x) + PI(),
            __x < 0 && __y < 0, ATAN(__y/__x) - PI(),
            __x = 0 && __y > 0, PI()/2,
            __x = 0 && __y < 0, PI()/2 * (0-1),
            BLANK()
        )
    VAR __c = 2 * __atan2
RETURN
    __c * __CONVERSIONFACTOR__"  
  },
  {
    "LanguageTag": "Maths",
    "TranslationId": "Maths",
    "TranslationGroup": "Maths",
    "DisplayName": "ATAN2",
    "NativeName": 
"
    VAR __x = __AGGREGATION__('__TABLE__'[__COLUMN__])
    VAR __y = __AGGREGATION__('__TABLE__'[__COLUMN1__])
    VAR __atan2 = 
        SWITCH(
            TRUE(),
            __x > 0, ATAN(__y/__x),
            __x < 0 && __y >= 0, ATAN(__y/__x) + PI(),
            __x < 0 && __y < 0, ATAN(__y/__x) - PI(),
            __x = 0 && __y > 0, PI()/2,
            __x = 0 && __y < 0, PI()/2 * (0-1),
            BLANK()
        )
RETURN
    __atan2"  
  },
  {
    "LanguageTag": "Date Intelligence",
    "TranslationId": "Date Intelligence",
    "TranslationGroup": "Date Intelligence",
    "DisplayName": "Net Work Days",
    "NativeName": 
"
    VAR __Calendar = 
        ADDCOLUMNS(
            CALENDAR(
                __AGGREGATION__('__TABLE__'[__COLUMN__]),
                __AGGREGATION__('__TABLE__'[__COLUMN1__])
            ),
            \"__WeekDay\",WEEKDAY([Date],2)
        )
RETURN
    COUNTROWS(FILTER(__Calendar,[__WeekDay] < 6))"  
  },
  {
    "LanguageTag": "Maths",
    "TranslationId": "Maths",
    "TranslationGroup": "Maths",
    "DisplayName": "Cartesian to Polar (r)",
    "NativeName": 
"
    VAR __x = __AGGREGATION__('__TABLE__'[__COLUMN__])
    VAR __y = __AGGREGATION__('__TABLE__'[__COLUMN1__])
    VAR __r = SQRT(POWER(__x, 2) + POWER(__y, 2))
RETURN
    __r"
  },
  {
    "LanguageTag": "Maths",
    "TranslationId": "Maths",
    "TranslationGroup": "Maths",
    "DisplayName": "Polar to Cartesian (x)",
    "NativeName": 
"
    VAR __r = __AGGREGATION__('__TABLE__'[__COLUMN__])
    VAR __theta = __AGGREGATION__('__TABLE__'[__COLUMN1__])
    VAR __x = __r * COS(__theta)
RETURN
    __x"
  },
  {
    "LanguageTag": "Maths",
    "TranslationId": "Maths",
    "TranslationGroup": "Maths",
    "DisplayName": "Polar to Cartesian (y)",
    "NativeName": 
"
    VAR __r = __AGGREGATION__('__TABLE__'[__COLUMN__])
    VAR __theta = __AGGREGATION__('__TABLE__'[__COLUMN1__])
    VAR __y = __r * SIN(__theta)
RETURN
    __y"
  },
  {
    "LanguageTag": "Time and Duration",
    "TranslationId": "Time and Duration",
    "TranslationGroup": "Time and Duration",
    "DisplayName": "TIMEADD",
    "NativeName": 
"
    VAR __Value = __AGGREGATION__('__TABLE__'[__COLUMN__])
    VAR __Days = 1
    VAR __Hours = 1/24
    VAR __Minutes = __Hours / 60
    VAR __Seconds = __Minutes / 60
    VAR __Unit = \"__UNIT__\"
    VAR __ConversionFactor =
      SWITCH(__Unit,
        \"Days\",__Days,
        \"Hours\",__Hours,
        \"Minutes\",__Minutes,
        \"Seconds\",__Seconds
      )
RETURN
    __Value + (__AMOUNT__ * __ConversionFactor)"  
  },
  {
    "LanguageTag": "Date Intelligence",
    "TranslationId": "Date Intelligence",
    "TranslationGroup": "Date Intelligence",
    "DisplayName": "WEEKDAY",
    "NativeName": 
"
    WEEKDAY(__AGGREGATION__('__TABLE__'[__COLUMN__]),__PARAM1__)"
  },
  {
    "LanguageTag": "Date Intelligence",
    "TranslationId": "Date Intelligence",
    "TranslationGroup": "Date Intelligence",
    "DisplayName": "WEEKNUM",
    "NativeName": 
"
    WEEKNUM(__AGGREGATION__('__TABLE__'[__COLUMN__]),__PARAM1__)"
  },
  {
    "LanguageTag": "Text",
    "TranslationId": "Text",
    "TranslationGroup": "Text",
    "DisplayName": "FIND or SEARCH",
    "NativeName": 
"
    __FUNCTION__(\"__FINDTEXT__\", __AGGREGATION__('__TABLE__'[__COLUMN__]), __PARAM1__, __PARAM2__)"
  },
  {
    "LanguageTag": "Other",
    "TranslationId": "Other",
    "TranslationGroup": "Other",
    "DisplayName": "Near (Distance)",
    "NativeName": 
"
    VAR __radius = __RADIUS__
    VAR __x1 = __AGGREGATION__('__TABLE__'[__COLUMN__])
    VAR __y1 = __AGGREGATION__('__TABLE__'[__COLUMN1__])
    VAR __Table = ADDCOLUMNS(FILTER(ALL('__TABLE__'),[__COLUMN__]<=__x1+__radius && [__COLUMN__]>=__x1-__radius && [__COLUMN1__]<=__y1+__radius && [__COLUMN1__]>=__y1-__radius),\"__Distance\",SQRT( (__x1 - [__COLUMN__])^2 + (__y1 - [__COLUMN1__])^2) )
RETURN
    COUNTROWS(FILTER(__Table,[__Distance]<=__radius))"
  },
  {
    "LanguageTag": "Other",
    "TranslationId": "Other",
    "TranslationGroup": "Other",
    "DisplayName": "Near (Square)",
    "NativeName": 
"
    VAR __radius = __RADIUS__
    VAR __x1 = __AGGREGATION__('__TABLE__'[__COLUMN__])
    VAR __y1 = __AGGREGATION__('__TABLE__'[__COLUMN1__])
    VAR __Table = FILTER(ALL('__TABLE__'),[__COLUMN__]<=__x1+__radius && [__COLUMN__]>=__x1-__radius && [__COLUMN1__]<=__y1+__radius && [__COLUMN1__]>=__y1-__radius)
RETURN
    COUNTROWS(__Table)"
  },
  {
    "LanguageTag": "Time and Duration",
    "TranslationId": "Time and Duration",
    "TranslationGroup": "Time and Duration",
    "DisplayName": "Overlap",
    "NativeName": 
"
    VAR __Start = MIN('__TABLE__'[__COLUMN__])
    VAR __End = MAX('__TABLE__'[__COLUMN1__])
RETURN
    IF(ISBLANK(MAX([__COLUMN__])),BLANK(),
        VAR __Table = GENERATESERIES(__Start,__End,1/24/60)
        VAR __Table1 = ALL('__TABLE__')
        VAR __Table2 = GENERATE(__Table,__Table1)
        VAR __Table3 = ADDCOLUMNS(__Table2,\"__Include\",IF([Value]>=[Start] && [Value] <= [End],1,0))
        VAR __Table4 = GROUPBY(__Table3,[Value],\"__Minute\",MAXX(CURRENTGROUP(),[__Include]))
    RETURN
        SUMX(__Table4,[__Minute])/60)"
  },
  {
    "LanguageTag": "Time and Duration",
    "TranslationId": "Time and Duration",
    "TranslationGroup": "Time and Duration",
    "DisplayName": "No Overlap",
    "NativeName": 
"
    VAR __Start = MIN('__TABLE__'[__COLUMN__])
    VAR __End = MAX('__TABLE__'[__COLUMN1__])
RETURN
    IF(ISBLANK(MAX([__COLUMN__])),BLANK(),
        VAR __Table = GENERATESERIES(__Start,__End,1/24/60)
        VAR __Table1 = ALL('__TABLE__')
        VAR __Table2 = GENERATE(__Table,__Table1)
        VAR __Table3 = ADDCOLUMNS(__Table2,\"__Include\",IF(COUNTROWS(FILTER(__Table1,[Value]>=[Start] && [Value] <= [End]))>=1,0,1))
        VAR __Table4 = GROUPBY(__Table3,[Value],\"__Minute\",MAXX(CURRENTGROUP(),[__Include]))
    RETURN
        SUMX(__Table4,[__Minute])/60)"
  },
  {
    "LanguageTag": "Text",
    "TranslationId": "Text",
    "TranslationGroup": "Text",
    "DisplayName": "Fuzzy",
    "NativeName": 
"
    VAR __MatchWord = __AGGREGATION__('__TABLE__'[__COLUMN__])
    VAR __CleanMatchThreshold = __PARAM1__
    VAR __KillThreshold = __PARAM2__
    VAR __FuzzyThreshold1 = __PARAM3__
    VAR __FuzzyThreshold2 = __PARAM4__
    VAR __WordSearchTable = 
        GENERATE(
            '__PARAM5__',
                VAR __Word = MAXX(FILTER('__PARAM5__',[Index]=EARLIER('__PARAM5__'[Index])),[__PARAM6__])
            RETURN ADDCOLUMNS(GENERATESERIES(__KillThreshold,LEN(__Word),1),\"__Search\",LEFT(__Word,[Value]),\"__Original\",__Word)
        )
    VAR __Table =
        FILTER(
            ADDCOLUMNS(
                __WordSearchTable,
                \"__Match\",SEARCH([__Search],__MatchWord,,BLANK())
            ),
            NOT(ISBLANK([__Match]))
        )
    VAR __Max = MAXX(__Table,[Value])
    VAR __Match = MAXX(FILTER(__Table,[Value]=__Max),[__Search])
    VAR __Proposed =
        IF(
            LEN(__Match)<=__CleanMatchThreshold,
            SWITCH(TRUE(),
                COUNTROWS(FILTER(__Table,[Value]=__Max))>1,BLANK(),
                LEN(__Match) <= __KillThreshold,BLANK(),
                LEN(__Match) = LEN(__MatchWord),__Match,
                LEN(__Match)/LEN(__MatchWord)>__FuzzyThreshold1 && SEARCH(__Match,__MatchWord,,0)=1,__Match,
                LEN(__Match)/LEN(__MatchWord)>__FuzzyThreshold2,__Match,
                BLANK()
            ),
            SWITCH(TRUE(),
                LEN(__Match)/LEN(__MatchWord)<__FuzzyThreshold2 && SEARCH(__Match,__MatchWord,,0)<>1,BLANK(),
                __Match
            )
        )
    VAR __Clean1 = IF(RIGHT(__Proposed,1)=\"(\",LEFT(__Proposed,LEN(__Proposed)-1),__Proposed)
    VAR __Clean2 = IF(RIGHT(__Clean1,1)=\" \",LEFT(__Clean1,LEN(__Clean1)-1),__Clean1)
RETURN
    __Clean2"
  },
  {
    "LanguageTag": "Other",
    "TranslationId": "Other",
    "TranslationGroup": "Other",
    "DisplayName": "Blowout!",
    "NativeName": 
"
    VAR __Table =
        GENERATE(
        '__TABLE__',
            VAR __Quantity = [__COLUMN1__]
        RETURN GENERATESERIES(1,__Quantity,1)
    )
RETURN
    __AGGREGATION__(__Table,[__COLUMN__])"
  },
  {
    "LanguageTag": "Other",
    "TranslationId": "Other",
    "TranslationGroup": "Other",
    "DisplayName": "The Mythical DAX Index",
    "NativeName": 
"
    VAR __SourceTable = '__TABLE__'
    VAR __Count = COUNTROWS(__SourceTable)
    VAR __SortText = CONCATENATEX(__SourceTable,[__COLUMN__],\"|\", [__COLUMN__])
    VAR __Table = 
        ADDCOLUMNS(
            GENERATESERIES(1,__Count,1),
            \"__COLUMN__\", PATHITEM(__SortText,[Value],TEXT)
        )
RETURN
    \"__Table variable contains index table.\" \/\/__Table"
  },
  {
    "LanguageTag": "Excel",
    "TranslationId": "Excel",
    "TranslationGroup": "Excel",
    "DisplayName": "WEIBULL.DIST",
    "NativeName": 
"
    VAR __x = __AGGREGATION__('__TABLE__'[__COLUMN__])
    VAR __Alpha = __AGGREGATION__('__TABLE__'[__COLUMN1__])
    VAR __Beta = __AGGREGATION__('__TABLE__'[__COLUMN2__])
RETURN
    DIVIDE(__Alpha, POWER(__Beta,__Alpha)) *
        POWER(__x,__Alpha - 1) *
            EXP(-1*(POWER(__x/__Beta,__Alpha)))"
  },
  {
    "LanguageTag": "Excel",
    "TranslationId": "Excel",
    "TranslationGroup": "Excel",
    "DisplayName": "WEIBULL.DIST.CUMULATIVE",
    "NativeName": 
"
    VAR __x = __AGGREGATION__('__TABLE__'[__COLUMN__])
    VAR __Alpha = __AGGREGATION__('__TABLE__'[__COLUMN1__])
    VAR __Beta = __AGGREGATION__('__TABLE__'[__COLUMN2__])
RETURN
    1 - EXP(-1*(POWER(__x/__Beta,__Alpha)))"
  },
  {
    "LanguageTag": "Excel",
    "TranslationId": "Excel",
    "TranslationGroup": "Excel",
    "DisplayName": "NEGBINOM.DIST",
    "NativeName": 
"
    VAR __x = __PARAM1__
    VAR __r = __PARAM2__
    VAR __p = __PARAM3__
RETURN
    COMBIN(__x+__r-1,__r-1) * POWER(__p,__r) * POWER(1 - __p,__x)"
  },
  {
    "LanguageTag": "Excel",
    "TranslationId": "Excel",
    "TranslationGroup": "Excel",
    "DisplayName": "NEGBINOM.DIST.CUMULATIVE",
    "NativeName": 
"
    VAR __x = __PARAM1__
    VAR __r = __PARAM2__
    VAR __p = __PARAM3__
RETURN
    SUMX(
      ADDCOLUMNS(
        GENERATESERIES(0,__x), \/\/ For range, change 0 and __x to the range
        \"-B\",COMBIN([Value]+__r-1,__r-1) * POWER(__p,__r) * POWER(1-__p,[Value])
      ),
      [-B]
    )"
  },
  {
    "LanguageTag": "Excel",
    "TranslationId": "Excel",
    "TranslationGroup": "Excel",
    "DisplayName": "BINOM.DIST",
    "NativeName": 
"
    VAR __x = __PARAM1__
    VAR __n = __PARAM2__
    VAR __p = __PARAM3__
RETURN
    DIVIDE(FACT(__n),FACT(__n - __x)*FACT(__x)) * POWER(__p,__x) * POWER(1-__p,__n-__x)"
  },
  {
    "LanguageTag": "Excel",
    "TranslationId": "Excel",
    "TranslationGroup": "Excel",
    "DisplayName": "BINOM.DIST.CUMULATIVE",
    "NativeName": 
"
    VAR __x = __PARAM1__
    VAR __n = __PARAM2__
    VAR __p = __PARAM3__
RETURN
    SUMX(
      ADDCOLUMNS(
        GENERATESERIES(0,__x), \/\/ For range, change 0 and __x to the range
        \"B\",DIVIDE(FACT(__n),FACT(__n - [Value])*FACT([Value])) * POWER(__p,[Value]) * POWER(1-__p,__n-[Value])
      ),
      [B]
    )"
  },
  {
    "LanguageTag": "Excel",
    "TranslationId": "Excel",
    "TranslationGroup": "Excel",
    "DisplayName": "BINOM.INV",
    "NativeName": 
"
    VAR __Alpha = __PARAM1__
    VAR __n = __PARAM2__
    VAR __p = __PARAM3__
    VAR __Table =
        ADDCOLUMNS(
            GENERATESERIES(0,__n), \/\/ For range, change 0 and [x] to the range
            \"B\",DIVIDE(FACT(__n),FACT(__n - [Value])*FACT([Value])) * POWER(__p,[Value]) * POWER(1-__p,__n-[Value])
        )
    VAR __CumulativeTable = 
        ADDCOLUMNS(
            __Table,
            \"Cumulative\",SUMX(FILTER(__Table,[Value] <= EARLIER([Value])),[B])
        )
RETURN
    MINX(
        FILTER(
            __CumulativeTable,
            [Cumulative] >= __Alpha
        ),
        [Value]
    )"
  },
  {
    "LanguageTag": "Excel",
    "TranslationId": "Excel",
    "TranslationGroup": "Excel",
    "DisplayName": "HARMEAN",
    "NativeName": 
"
    VAR __Table =
        ADDCOLUMNS(
            '__TABLE__',
            \"__Inverse\",1/[__COLUMN__]
        )
RETURN
    DIVIDE(1,1/COUNTROWS(__Table) * SUMX(__Table,[__Inverse]),0)"
  },
  {
    "LanguageTag": "Excel",
    "TranslationId": "Excel",
    "TranslationGroup": "Excel",
    "DisplayName": "MULTINOMIAL",
    "NativeName": 
"
    VAR __Table = 
        ADDCOLUMNS(
            '__TABLE__',
            \"__Factorial\",FACT([__COLUMN__])
        )
RETURN
    DIVIDE(
        FACT(SUMX('__TABLE__',[__COLUMN__])),
        PRODUCTX(__Table,[__Factorial]),
        0
    )"
  },
  {
    "LanguageTag": "Excel",
    "TranslationId": "Excel",
    "TranslationGroup": "Excel",
    "DisplayName": "FISHER",
    "NativeName": 
"
    VAR __x = __AGGREGATION__('__TABLE__'[__COLUMN__])
RETURN
    1/2 * LN(DIVIDE(1 + __x, 1 - __x))"
  },
  {
    "LanguageTag": "Excel",
    "TranslationId": "Excel",
    "TranslationGroup": "Excel",
    "DisplayName": "FISHERINV",
    "NativeName": 
"
    VAR __y = __AGGREGATION__('__TABLE__'[__COLUMN__])
RETURN
    DIVIDE(EXP(2 * __y) - 1, EXP(2 * __y) + 1)"
  },
  {
    "LanguageTag": "Excel",
    "TranslationId": "Excel",
    "TranslationGroup": "Excel",
    "DisplayName": "DEVSQ",
    "NativeName": 
"
    VAR __Mean = AVERAGE('__TABLE__'[__COLUMN__])
RETURN
    VAR __Table = 
        ADDCOLUMNS(
            '__TABLE__',
            \"__Deviation\",POWER([__COLUMN__] - __Mean,2)
        )
RETURN
    SUMX(__Table,[__Deviation])"
  },
  {
    "LanguageTag": "Other",
    "TranslationId": "Other",
    "TranslationGroup": "Other",
    "DisplayName": "Transitive Closure",
    "NativeName": 
"
    VAR __Table1 = '__TABLE__'
    VAR __Table1a = DISTINCT(SELECTCOLUMNS(__Table1,\"__to\",[__COLUMN__]))
    VAR __Table2 = FILTER(ALL('__TABLE__'),[__COLUMN1__] IN __Table1a)
    VAR __Table2a = DISTINCT(SELECTCOLUMNS(__Table2,\"__to\",[__COLUMN__]))
RETURN
    CONCATENATEX(DISTINCT(UNION(__Table1a,__Table2a)),[__to],\";\")"  
  },
  {
    "LanguageTag": "Other",
    "TranslationId": "Other",
    "TranslationGroup": "Other",
    "DisplayName": "While Loop",
    "NativeName": 
"
    VAR __i = __PARAM1__
    VAR __loopTable = GENERATESERIES(1,__i)
    VAR __loopTable1 = ADDCOLUMNS(__loopTable,\"__i\",[Value] - 1)
RETURN
    COUNTROWS(FILTER(__loopTable1,[__i]>1))+1"  
  },
  {
    "LanguageTag": "Other",
    "TranslationId": "Other",
    "TranslationGroup": "Other",
    "DisplayName": "For Loop",
    "NativeName": 
"
    VAR __n = __PARAM1__
    VAR __sum = 0
    VAR __loopTable = GENERATESERIES(1,__n)
    VAR __loopTable1 = ADDCOLUMNS(__loopTable,\"__sum\",SUMX(FILTER(__loopTable,[Value]<=EARLIER([Value])),[Value]))
    VAR __max = MAXX(__loopTable1,[Value])
RETURN
    MAXX(FILTER(__loopTable1,[Value]=__max),[__sum])"
  },
  {
    "LanguageTag": "Statistics",
    "TranslationId": "Statistics",
    "TranslationGroup": "Statistics",
    "DisplayName": "Jarque-Bera",
    "NativeName": 
"
    VAR __k = 1
    VAR __Table = ALL('__TABLE__')
    VAR __mean = AVERAGEX(__Table,[__COLUMN__])
    VAR __stddev = STDEVX.P(__Table,[__COLUMN__])
    VAR __n = COUNTROWS(__Table)
    VAR __tableSkew = ADDCOLUMNS(__Table,\"__skew\",POWER(([__COLUMN__]-__mean),3))
    VAR __sumSkew = SUMX(__tableSkew,[__skew])
    VAR __skewness = DIVIDE(__sumSkew,POWER(__stddev,3),0) * DIVIDE(1,__n,0)
    VAR __tableKurtosis = ADDCOLUMNS(__Table,\"__skew\",POWER(([__COLUMN__]-__mean),4))
    VAR __sumKurtosis = SUMX(__tableKurtosis,[__skew])
    VAR __sampleKurtosis = DIVIDE(__sumKurtosis,POWER(__stddev,4),0) * DIVIDE(1,__n,0)
    VAR __firstPart = DIVIDE(__n - __k + 1,6,0)
    VAR __secondPart = POWER(__skewness,2) + 1/4*(POWER(__sampleKurtosis - 3,2))
    VAR __JB = __firstPart * __secondPart
RETURN
    SWITCH(TRUE(),
        __JB>0,\"Not Normally Distributed\",
        \"Normally Distributed\"
    )"
  },
  {
    "LanguageTag": "Financial",
    "TranslationId": "Financial",
    "TranslationGroup": "Financial",
    "DisplayName": "Compound Interest",
    "NativeName": 
"
    VAR __principal = __AGGREGATION__('__TABLE__'[__COLUMN__])
    VAR __r = __PARAM1__
    VAR __n = __PARAM2__
    VAR __t = __PARAM3__
RETURN
    __principal*POWER((1+__r/__n),(__n*__t))"
  },
  {
    "LanguageTag": "Statistics",
    "TranslationId": "Statistics",
    "TranslationGroup": "Statistics",
    "DisplayName": "Kendall's Tau",
    "NativeName": 
"
    VAR __table = '__TABLE__'
    VAR __table1 = ADDCOLUMNS(__table,\"__Concordant\",COUNTROWS(FILTER(__table,[Index]>EARLIER([Index])&&[__COLUMN__]>EARLIER([__COLUMN__]))))
    VAR __table2 = ADDCOLUMNS(__table1,\"__Discordant\",COUNTROWS(FILTER(__table,[Index]>EARLIER([Index])&&[__COLUMN__]<EARLIER([__COLUMN__]))))
    VAR __C = SUMX(__table2,[__Concordant])
    VAR __D = SUMX(__table2,[__Discordant])
RETURN
    ABS(DIVIDE(__C - __D , __C + __D,0))"
  },
  {
    "LanguageTag": "Maths",
    "TranslationId": "Maths",
    "TranslationGroup": "Maths",
    "DisplayName": "Is Prime",
    "NativeName": 
"
    VAR __num = __AGGREGATION__('__TABLE__'[__COLUMN__])
    VAR __max = INT(SQRT(__num))
    VAR __table = GENERATESERIES(2,__max,1)
    VAR __table1 = ADDCOLUMNS(__table,\"__mod\",MOD(__num,[Value]))
RETURN
    SWITCH(TRUE(),
        __num = 1, 0,
        ISBLANK(COUNTROWS(FILTER(__table1,[__mod]=0))),1,
        0
    )"
  },
  {
    "LanguageTag": "Time and Duration",
    "TranslationId": "Time and Duration",
    "TranslationGroup": "Time and Duration",
    "DisplayName": "Unix2UTC",
    "NativeName": 
"
    VAR __Value = __AGGREGATION__('__TABLE__'[__COLUMN__])/(60*60*24)
RETURN
    (DATEVALUE(\"1/1/1970\")+__Value)"  
  },
  {
    "LanguageTag": "Time and Duration",
    "TranslationId": "Time and Duration",
    "TranslationGroup": "Time and Duration",
    "DisplayName": "UTC2Unix",
    "NativeName": 
"
    VAR __Value = __AGGREGATION__('__TABLE__'[__COLUMN__])
RETURN
    (__Value - DATEVALUE(\"1/1/1970\"))*60*60*24"  
  },
  {
    "LanguageTag": "Date Intelligence",
    "TranslationId": "Date Intelligence",
    "TranslationGroup": "Date Intelligence",
    "DisplayName": "Is Leap Year",
    "NativeName": 
"
    VAR __Year = INT(__AGGREGATION__('__TABLE__'[__COLUMN__]))
    VAR __Div4 = IF(MOD(__Year,4)=0,TRUE(),FALSE())
    VAR __Div100 = IF(MOD(__Year,100)=0,TRUE(),FALSE())
    VAR __Div400 = IF(MOD(__Year,400)=0,TRUE(),FALSE())
    VAR __IsLeapYear = IF(__Div4 && NOT(__Div100),TRUE(),IF(__Div4 && __Div100 && __Div400,TRUE(),FALSE()))
RETURN 
    __IsLeapYear"  
  },
  {
    "LanguageTag": "Date Intelligence",
    "TranslationId": "Date Intelligence",
    "TranslationGroup": "Date Intelligence",
    "DisplayName": "Days in Year",
    "NativeName": 
"
    VAR __Year = INT(__AGGREGATION__('__TABLE__'[__COLUMN__]))
    VAR __Div4 = IF(MOD(__Year,4)=0,TRUE(),FALSE())
    VAR __Div100 = IF(MOD(__Year,100)=0,TRUE(),FALSE())
    VAR __Div400 = IF(MOD(__Year,400)=0,TRUE(),FALSE())
    VAR __IsLeapYear = IF(__Div4 && NOT(__Div100),TRUE(),IF(__Div4 && __Div100 && __Div400,TRUE(),FALSE()))
RETURN 
    IF(__IsLeapYear,366,365)"  
  },
  {
    "LanguageTag": "Date Intelligence",
    "TranslationId": "Date Intelligence",
    "TranslationGroup": "Date Intelligence",
    "DisplayName": "Day of Year",
    "NativeName": 
"
    VAR __Date = __AGGREGATION__('__TABLE__'[__COLUMN__])
RETURN
    TRUNC( __Date - DATE(YEAR(__Date),1,1) ) + 1"  
  },
  {
    "LanguageTag": "Date Intelligence",
    "TranslationId": "Date Intelligence",
    "TranslationGroup": "Date Intelligence",
    "DisplayName": "Date of Year",
    "NativeName": 
"
    VAR __DayOfYear = __AGGREGATION__('__TABLE__'[__COLUMN__])
    VAR __Year = __AGGREGATION__('__TABLE__'[__PARAM1__])
    VAR __tmpTable = ADDCOLUMNS(GENERATESERIES(DATE(__Year,1,1),DATE(__Year,12,31),1),\"__DayOfYear\",DATEDIFF(DATE(__Year,1,1),[Value],DAY)+1)
    VAR __DateofYear = MAXX(FILTER(__tmpTable,[__DayOfYear]=__DayOfYear),[Value])
RETURN  
    IF(ISBLANK(__DateofYear),BLANK(),__DateofYear)"  
  },
  {
    "LanguageTag": "Text",
    "TranslationId": "Text",
    "TranslationGroup": "Text",
    "DisplayName": "Greeting",
    "NativeName": 
"
    VAR user = USERNAME()
    VAR hour = HOUR(NOW())
    VAR minute = MINUTE(NOW())
    VAR prefix = 
        SWITCH(
            TRUE(),
            hour<12,\"Good morning \",
            hour<17,\"Good afternoon \",
            \"Good evening \"
        )
RETURN
    CONCATENATE(prefix,user)"  
  },
  {
    "LanguageTag": "Date Intelligence",
    "TranslationId": "Date Intelligence",
    "TranslationGroup": "Date Intelligence",
    "DisplayName": "Sequential",
    "NativeName": 
"
    VAR __Table = ALL('__TABLE__')
    VAR __MaxWeeks = SUMMARIZE(__Table,[__COLUMN__],\"__MaxWeek\",MAX([__COLUMN1__]))
    VAR __MyYear = __AGGREGATION__('__TABLE__'[__COLUMN__])
    VAR __MyStart = SUMX(FILTER(__MaxWeeks,[__COLUMN__]<__MyYear),[__MaxWeek])
    VAR __firstYear = CALCULATE(FIRSTNONBLANK('__TABLE__'[__COLUMN__],1),ALL('__TABLE__'))
    VAR __MyWeekNum = __AGGREGATION__('__TABLE__'[__COLUMN1__])
    VAR __myNum = IF(__MyYear=__firstYear,__MyWeekNum,__MyStart+__MyWeekNum)
RETURN
    __myNum"
  },
  {
    "LanguageTag": "Statistics",
    "TranslationId": "Statistics",
    "TranslationGroup": "Statistics",
    "DisplayName": "Shannon Entropy",
    "NativeName": 
"
    VAR __Table = '__TABLE__'
    VAR __Table1 = ALL('__TABLE__')
RETURN
    SUMX(
        SUMMARIZE(
            __Table,
            __Table[__COLUMN__],
            \"H(X)\",
            -1*COUNTROWS(__Table)/COUNTROWS(__Table1)*LOG(COUNTROWS(__Table)/COUNTROWS(__Table1),2)
        ),
        [H(X)]
    )"
  },
  {
    "LanguageTag": "Statistics",
    "TranslationId": "Statistics",
    "TranslationGroup": "Statistics",
    "DisplayName": "Covariance",
    "NativeName": 
"
    VAR __AvgA = CALCULATE(AVERAGE('__TABLE__'[__COLUMN__]),ALL('__TABLE__'))
    VAR __AvgB = CALCULATE(AVERAGE('__TABLE__'[__COLUMN1__]),ALL('__TABLE__'))
    VAR __Table = 
        SUMMARIZE(
            '__TABLE__',
            '__TABLE__'[__COLUMN__],
            \"__Covariance\",
            ([__COLUMN__]-AvgA)*(MAX('__TABLE__'[__COLUMN1__])-AvgB)/CALCULATE(COUNTROWS('__TABLE__'),ALL('__TABLE__')))
RETURN
    SUMX(__Table,[__Covariance])"
  },
  {
    "LanguageTag": "Maths",
    "TranslationId": "Maths",
    "TranslationGroup": "Maths",
    "DisplayName": "Running Product",
    "NativeName": 
"
CALCULATE(
    PRODUCT('__TABLE__'[__COLUMN__]),
    FILTER(
        ALLSELECTED('__TABLE__'[__PARAM1__]),
        ISONORAFTER('__TABLE__'[__PARAM1__], MAX('__TABLE__'[__PARAM1__]), DESC)
    )
)"
  },
  {
    "LanguageTag": "Excel",
    "TranslationId": "Excel",
    "TranslationGroup": "Excel",
    "DisplayName": "DELTA",
    "NativeName": 
"
    VAR __A = __AGGREGATION__('__TABLE__'[__COLUMN__])
    VAR __B = __AGGREGATION__('__TABLE__'[__COLUMN1__])
RETURN
    IF(__A = __B,1,0)"
  },
  {
    "LanguageTag": "Financial",
    "TranslationId": "Financial",
    "TranslationGroup": "Financial",
    "DisplayName": "Macaulay Duration",
    "NativeName": 
"
    VAR __InterestRate = __PARAM1__
    VAR __PeriodNumber = __PARAM2__
    VAR __Table1 = 
        ADDCOLUMNS(
            ADDCOLUMNS(
                '__TABLE__',
                \"__Discount\", 1 / (1 + __InterestRate/__PeriodNumber)^[Index]
            ),
            \"__PV Cash Flow\",[Index] * [__COLUMN__] * [__Discount],
            \"__Current Bond Price\",[__COLUMN__] / (1 + __InterestRate/__PeriodNumber)^[Index]
        )
RETURN
    SUMX(__Table1,[__PV Cash Flow]) / SUMX(__Table1,[__Current Bond Price])"
  },
  {
    "LanguageTag": "Other",
    "TranslationId": "Other",
    "TranslationGroup": "Other",
    "DisplayName": "Previous Row (MTBF)",
    "NativeName": 
"
    VAR __Table = ALL('__TABLE__')
    VAR __Current = __AGGREGATION__('__TABLE__'[__COLUMN__])
    VAR __CurrentDate = __AGGREGATION__('__TABLE__'[__COLUMN1__])
    VAR __PreviousDate = MAXX(FILTER(__Table,[__COLUMN1__] < __CurrentDate),[__COLUMN1__])
    VAR __Previous = MAXX(FILTER(__Table,[__COLUMN1__]=__PreviousDate),[__COLUMN__])
RETURN
    __Current - __Previous"
  },
  {
    "LanguageTag": "Financial",
    "TranslationId": "Financial",
    "TranslationGroup": "Financial",
    "DisplayName": "Gross Margin %",
    "NativeName": 
"
    VAR __Revenue = __AGGREGATION__('__TABLE__'[__COLUMN__])
    VAR __Cost = __AGGREGATION__('__TABLE__'[__COLUMN1__])
RETURN
    DIVIDE(__Revenue - __Cost, __Revenue,0)"
  },
  {
    "LanguageTag": "Financial",
    "TranslationId": "Financial",
    "TranslationGroup": "Financial",
    "DisplayName": "Revenue",
    "NativeName": 
"
    VAR __GM = __AGGREGATION__('__TABLE__'[__COLUMN__])
    VAR __Cost = __AGGREGATION__('__TABLE__'[__COLUMN1__])
RETURN
    DIVIDE(__Cost, 1 - __GM,0)"
  },
  {
    "LanguageTag": "Financial",
    "TranslationId": "Financial",
    "TranslationGroup": "Financial",
    "DisplayName": "Cost",
    "NativeName": 
"
    VAR __GM = __AGGREGATION__('__TABLE__'[__COLUMN__])
    VAR __Revenue = __AGGREGATION__('__TABLE__'[__COLUMN1__])
RETURN
    __Revenue * (1 - __GM)"
  }
]