[
  {
    "ConversionGroup": "Distance",
    "ConversionID": "Distance",
    "FromUnit": "Inches (in)",
    "ToUnit": "Inches (in)",
    "ConversionFactor": "1"
  },
  {
    "ConversionGroup": "Distance",
    "ConversionID": "Distance",
    "FromUnit": "Feet (ft)",
    "ToUnit": "Feet (ft)",
    "ConversionFactor": "1"
  },
  {
    "ConversionGroup": "Distance",
    "ConversionID": "Distance",
    "FromUnit": "Yards (yd)",
    "ToUnit": "Yards (yd)",
    "ConversionFactor": "1"
  },
  {
    "ConversionGroup": "Distance",
    "ConversionID": "Distance",
    "FromUnit": "Miles (mi)",
    "ToUnit": "Miles (mi)",
    "ConversionFactor": "1"
  },
  {
    "ConversionGroup": "Distance",
    "ConversionID": "Distance",
    "FromUnit": "Millimeters (mm)",
    "ToUnit": "Millimeters (mm)",
    "ConversionFactor": "1"
  },
  {
    "ConversionGroup": "Distance",
    "ConversionID": "Distance",
    "FromUnit": "Centimeters (cm)",
    "ToUnit": "Centimeters (cm)",
    "ConversionFactor": "1"
  },
  {
    "ConversionGroup": "Distance",
    "ConversionID": "Distance",
    "FromUnit": "Meters (m)",
    "ToUnit": "Meters (m)",
    "ConversionFactor": "1"
  },
  {
    "ConversionGroup": "Distance",
    "ConversionID": "Distance",
    "FromUnit": "Kilometers (km)",
    "ToUnit": "Kilometers (km)",
    "ConversionFactor": "1"
  },
  {
    "ConversionGroup": "Distance",
    "ConversionID": "Distance",
    "FromUnit": "Inches (in)",
    "ToUnit": "Feet (ft)",
    "ConversionFactor": "1/12"
  },
  {
    "ConversionGroup": "Distance",
    "ConversionID": "Distance",
    "FromUnit": "Inches (in)",
    "ToUnit": "Yards (yd)",
    "ConversionFactor": "1/12/3"
  },
  {
    "ConversionGroup": "Distance",
    "ConversionID": "Distance",
    "FromUnit": "Inches (in)",
    "ToUnit": "Miles (mi)",
    "ConversionFactor": "1/12/3/1760"
  },
  {
    "ConversionGroup": "Distance",
    "ConversionID": "Distance",
    "FromUnit": "Inches (in)",
    "ToUnit": "Millimeters (mm)",
    "ConversionFactor": "25.4"
  },
  {
    "ConversionGroup": "Distance",
    "ConversionID": "Distance",
    "FromUnit": "Inches (in)",
    "ToUnit": "Centimeters (cm)",
    "ConversionFactor": "25.4/10"
  },
  {
    "ConversionGroup": "Distance",
    "ConversionID": "Distance",
    "FromUnit": "Inches (in)",
    "ToUnit": "Meters (m)",
    "ConversionFactor": "25.4/10/100"
  },
  {
    "ConversionGroup": "Distance",
    "ConversionID": "Distance",
    "FromUnit": "Inches (in)",
    "ToUnit": "Kilometers (km)",
    "ConversionFactor": "25.4/10/100/1000"
  },
  {
    "ConversionGroup": "Distance",
    "ConversionID": "Distance",
    "FromUnit": "Feet (ft)",
    "ToUnit": "Inches (in)",
    "ConversionFactor": "12"
  },
  {
    "ConversionGroup": "Distance",
    "ConversionID": "Distance",
    "FromUnit": "Feet (ft)",
    "ToUnit": "Yards (yd)",
    "ConversionFactor": "1/3"
  },
  {
    "ConversionGroup": "Distance",
    "ConversionID": "Distance",
    "FromUnit": "Feet (ft)",
    "ToUnit": "Miles (mi)",
    "ConversionFactor": "1/5280"
  },
  {
    "ConversionGroup": "Distance",
    "ConversionID": "Distance",
    "FromUnit": "Feet (ft)",
    "ToUnit": "Millimeters (mm)",
    "ConversionFactor": "304.8"
  },
  {
    "ConversionGroup": "Distance",
    "ConversionID": "Distance",
    "FromUnit": "Feet (ft)",
    "ToUnit": "Centimeters (cm)",
    "ConversionFactor": "304.8/10"
  },
  {
    "ConversionGroup": "Distance",
    "ConversionID": "Distance",
    "FromUnit": "Feet (ft)",
    "ToUnit": "Meters (m)",
    "ConversionFactor": "304.8/10/100"
  },
  {
    "ConversionGroup": "Distance",
    "ConversionID": "Distance",
    "FromUnit": "Feet (ft)",
    "ToUnit": "Kilometers (km)",
    "ConversionFactor": "304.8/10/100/1000"
  },
  {
    "ConversionGroup": "Distance",
    "ConversionID": "Distance",
    "FromUnit": "Yards (yd)",
    "ToUnit": "Inches (in)",
    "ConversionFactor": "36"
  },
  {
    "ConversionGroup": "Distance",
    "ConversionID": "Distance",
    "FromUnit": "Yards (yd)",
    "ToUnit": "Feet (ft)",
    "ConversionFactor": "3"
  },
  {
    "ConversionGroup": "Distance",
    "ConversionID": "Distance",
    "FromUnit": "Yards (yd)",
    "ToUnit": "Miles (mi)",
    "ConversionFactor": "1/1760"
  },
  {
    "ConversionGroup": "Distance",
    "ConversionID": "Distance",
    "FromUnit": "Yards (yd)",
    "ToUnit": "Millimeters (mm)",
    "ConversionFactor": "914.4"
  },
  {
    "ConversionGroup": "Distance",
    "ConversionID": "Distance",
    "FromUnit": "Yards (yd)",
    "ToUnit": "Centimeters (cm)",
    "ConversionFactor": "914.4/10"
  },
  {
    "ConversionGroup": "Distance",
    "ConversionID": "Distance",
    "FromUnit": "Yards (yd)",
    "ToUnit": "Meters (m)",
    "ConversionFactor": "914.4/10/100"
  },
  {
    "ConversionGroup": "Distance",
    "ConversionID": "Distance",
    "FromUnit": "Yards (yd)",
    "ToUnit": "Kilometers (km)",
    "ConversionFactor": "914.4/10/100/1000"
  },
  {
    "ConversionGroup": "Distance",
    "ConversionID": "Distance",
    "FromUnit": "Miles (mi)",
    "ToUnit": "Inches (in)",
    "ConversionFactor": "5280*12"
  },
  {
    "ConversionGroup": "Distance",
    "ConversionID": "Distance",
    "FromUnit": "Miles (mi)",
    "ToUnit": "Feet (ft)",
    "ConversionFactor": "5280"
  },
  {
    "ConversionGroup": "Distance",
    "ConversionID": "Distance",
    "FromUnit": "Miles (mi)",
    "ToUnit": "Yards (yd)",
    "ConversionFactor": "1760"
  },
  {
    "ConversionGroup": "Distance",
    "ConversionID": "Distance",
    "FromUnit": "Miles (mi)",
    "ToUnit": "Millimeters (mm)",
    "ConversionFactor": "1609300"
  },
  {
    "ConversionGroup": "Distance",
    "ConversionID": "Distance",
    "FromUnit": "Miles (mi)",
    "ToUnit": "Centimeters (cm)",
    "ConversionFactor": "1609300/10"
  },
  {
    "ConversionGroup": "Distance",
    "ConversionID": "Distance",
    "FromUnit": "Miles (mi)",
    "ToUnit": "Meters (m)",
    "ConversionFactor": "1609300/10/100"
  },
  {
    "ConversionGroup": "Distance",
    "ConversionID": "Distance",
    "FromUnit": "Miles (mi)",
    "ToUnit": "Kilometers (km)",
    "ConversionFactor": "1609300/10/100/1000"
  },
  {
    "ConversionGroup": "Distance",
    "ConversionID": "Distance",
    "FromUnit": "Millimeters (mm)",
    "ToUnit": "Inches (in)",
    "ConversionFactor": "0.03937008"
  },
  {
    "ConversionGroup": "Distance",
    "ConversionID": "Distance",
    "FromUnit": "Millimeters (mm)",
    "ToUnit": "Feet (ft)",
    "ConversionFactor": "0.03937008/12"
  },
  {
    "ConversionGroup": "Distance",
    "ConversionID": "Distance",
    "FromUnit": "Millimeters (mm)",
    "ToUnit": "Yards (yd)",
    "ConversionFactor": "0.03937008/12/3"
  },
  {
    "ConversionGroup": "Distance",
    "ConversionID": "Distance",
    "FromUnit": "Millimeters (mm)",
    "ToUnit": "Miles (mi)",
    "ConversionFactor": "0.03937008/12/3/1760"
  },
  {
    "ConversionGroup": "Distance",
    "ConversionID": "Distance",
    "FromUnit": "Millimeters (mm)",
    "ToUnit": "Centimeters (cm)",
    "ConversionFactor": "1/10"
  },
  {
    "ConversionGroup": "Distance",
    "ConversionID": "Distance",
    "FromUnit": "Millimeters (mm)",
    "ToUnit": "Meters (m)",
    "ConversionFactor": "1/10/100"
  },
  {
    "ConversionGroup": "Distance",
    "ConversionID": "Distance",
    "FromUnit": "Millimeters (mm)",
    "ToUnit": "Kilometers (km)",
    "ConversionFactor": "1/10/100/1000"
  },
  {
    "ConversionGroup": "Distance",
    "ConversionID": "Distance",
    "FromUnit": "Centimeters (cm)",
    "ToUnit": "Inches (in)",
    "ConversionFactor": "0.39370079"
  },
  {
    "ConversionGroup": "Distance",
    "ConversionID": "Distance",
    "FromUnit": "Centimeters (cm)",
    "ToUnit": "Feet (ft)",
    "ConversionFactor": "0.39370079/12"
  },
  {
    "ConversionGroup": "Distance",
    "ConversionID": "Distance",
    "FromUnit": "Centimeters (cm)",
    "ToUnit": "Yards (yd)",
    "ConversionFactor": "0.39370079/12/3"
  },
  {
    "ConversionGroup": "Distance",
    "ConversionID": "Distance",
    "FromUnit": "Centimeters (cm)",
    "ToUnit": "Miles (mi)",
    "ConversionFactor": "0.39370079/12/3/1760"
  },
  {
    "ConversionGroup": "Distance",
    "ConversionID": "Distance",
    "FromUnit": "Centimeters (cm)",
    "ToUnit": "Millimeters (mm)",
    "ConversionFactor": "10"
  },
  {
    "ConversionGroup": "Distance",
    "ConversionID": "Distance",
    "FromUnit": "Centimeters (cm)",
    "ToUnit": "Meters (m)",
    "ConversionFactor": "1/100"
  },
  {
    "ConversionGroup": "Distance",
    "ConversionID": "Distance",
    "FromUnit": "Centimeters (cm)",
    "ToUnit": "Kilometers (km)",
    "ConversionFactor": "1/100/1000"
  },
  {
    "ConversionGroup": "Distance",
    "ConversionID": "Distance",
    "FromUnit": "Meters (m)",
    "ToUnit": "Inches (in)",
    "ConversionFactor": "39.3700787"
  },
  {
    "ConversionGroup": "Distance",
    "ConversionID": "Distance",
    "FromUnit": "Meters (m)",
    "ToUnit": "Feet (ft)",
    "ConversionFactor": "39.3700787/12"
  },
  {
    "ConversionGroup": "Distance",
    "ConversionID": "Distance",
    "FromUnit": "Meters (m)",
    "ToUnit": "Yards (yd)",
    "ConversionFactor": "39.3700787/12/3"
  },
  {
    "ConversionGroup": "Distance",
    "ConversionID": "Distance",
    "FromUnit": "Meters (m)",
    "ToUnit": "Miles (mi)",
    "ConversionFactor": "39.3700787/12/3/1760"
  },
  {
    "ConversionGroup": "Distance",
    "ConversionID": "Distance",
    "FromUnit": "Meters (m)",
    "ToUnit": "Millimeters (mm)",
    "ConversionFactor": "1000"
  },
  {
    "ConversionGroup": "Distance",
    "ConversionID": "Distance",
    "FromUnit": "Meters (m)",
    "ToUnit": "Centimeters (cm)",
    "ConversionFactor": "100"
  },
  {
    "ConversionGroup": "Distance",
    "ConversionID": "Distance",
    "FromUnit": "Meters (m)",
    "ToUnit": "Kilometers (km)",
    "ConversionFactor": "1/1000"
  },
  {
    "ConversionGroup": "Distance",
    "ConversionID": "Distance",
    "FromUnit": "Kilometers (km)",
    "ToUnit": "Inches (in)",
    "ConversionFactor": "39370.0787"
  },
  {
    "ConversionGroup": "Distance",
    "ConversionID": "Distance",
    "FromUnit": "Kilometers (km)",
    "ToUnit": "Feet (ft)",
    "ConversionFactor": "39370.0787/12"
  },
  {
    "ConversionGroup": "Distance",
    "ConversionID": "Distance",
    "FromUnit": "Kilometers (km)",
    "ToUnit": "Yards (yd)",
    "ConversionFactor": "39370.0787/12/3"
  },
  {
    "ConversionGroup": "Distance",
    "ConversionID": "Distance",
    "FromUnit": "Kilometers (km)",
    "ToUnit": "Miles (mi)",
    "ConversionFactor": "39370.0787/12/3/1760"
  },
  {
    "ConversionGroup": "Distance",
    "ConversionID": "Distance",
    "FromUnit": "Kilometers (km)",
    "ToUnit": "Millimeters (mm)",
    "ConversionFactor": "1000000"
  },
  {
    "ConversionGroup": "Distance",
    "ConversionID": "Distance",
    "FromUnit": "Kilometers (km)",
    "ToUnit": "Centimeters (cm)",
    "ConversionFactor": "100000"
  },
  {
    "ConversionGroup": "Distance",
    "ConversionID": "Distance",
    "FromUnit": "Kilometers (km)",
    "ToUnit": "Meters (m)",
    "ConversionFactor": "1000"
  },
  {
    "ConversionGroup": "Temperature",
    "ConversionID": "Temperature",
    "FromUnit": "Celcius (C)",
    "ToUnit": "Celcius (C)",
    "ConversionFactor": ") * 1"
  },
  {
    "ConversionGroup": "Temperature",
    "ConversionID": "Temperature",
    "FromUnit": "Fahrenheit (F)",
    "ToUnit": "Fahrenheit (F)",
    "ConversionFactor": ") * 1"
  },
  {
    "ConversionGroup": "Temperature",
    "ConversionID": "Temperature",
    "FromUnit": "Kelvin (K)",
    "ToUnit": "Kelvin (K)",
    "ConversionFactor": ") * 1"
  },
  {
    "ConversionGroup": "Temperature",
    "ConversionID": "Temperature",
    "FromUnit": "Rankine (R)",
    "ToUnit": "Rankine (R)",
    "ConversionFactor": ") * 1"
  },
  {
    "ConversionGroup": "Temperature",
    "ConversionID": "Temperature",
    "FromUnit": "Reaumur (Re)",
    "ToUnit": "Reaumur (Re)",
    "ConversionFactor": ") * 1"
  },
  {
    "ConversionGroup": "Temperature",
    "ConversionID": "Temperature",
    "FromUnit": "Celcius (C)",
    "ToUnit": "Fahrenheit (F)",
    "ConversionFactor": ") * 1.8 + 32"
  },
  {
    "ConversionGroup": "Temperature",
    "ConversionID": "Temperature",
    "FromUnit": "Celcius (C)",
    "ToUnit": "Kelvin (K)",
    "ConversionFactor": ") + 273.15"
  },
  {
    "ConversionGroup": "Temperature",
    "ConversionID": "Temperature",
    "FromUnit": "Celcius (C)",
    "ToUnit": "Rankine (R)",
    "ConversionFactor": ") * 1.8 + 32 + 459.67"
  },
  {
    "ConversionGroup": "Temperature",
    "ConversionID": "Temperature",
    "FromUnit": "Celcius (C)",
    "ToUnit": "Reaumur (Re)",
    "ConversionFactor": ") * .8"
  },
  {
    "ConversionGroup": "Temperature",
    "ConversionID": "Temperature",
    "FromUnit": "Fahrenheit (F)",
    "ToUnit": "Celcius (C)",
    "ConversionFactor": " - 32) / 1.8"
  },
  {
    "ConversionGroup": "Temperature",
    "ConversionID": "Temperature",
    "FromUnit": "Fahrenheit (F)",
    "ToUnit": "Kelvin (K)",
    "ConversionFactor": " + 459.67) / 1.8"
  },
  {
    "ConversionGroup": "Temperature",
    "ConversionID": "Temperature",
    "FromUnit": "Fahrenheit (F)",
    "ToUnit": "Rankine (R)",
    "ConversionFactor": " + 459.67)"
  },
  {
    "ConversionGroup": "Temperature",
    "ConversionID": "Temperature",
    "FromUnit": "Fahrenheit (F)",
    "ToUnit": "Reaumur (Re)",
    "ConversionFactor": " - 32) / 2.25"
  },
  {
    "ConversionGroup": "Temperature",
    "ConversionID": "Temperature",
    "FromUnit": "Kelvin (K)",
    "ToUnit": "Celcius (C)",
    "ConversionFactor": ") - 273.15"
  },
  {
    "ConversionGroup": "Temperature",
    "ConversionID": "Temperature",
    "FromUnit": "Kelvin (K)",
    "ToUnit": "Fahrenheit (F)",
    "ConversionFactor": ") * 1.8 - 459.67"
  },
  {
    "ConversionGroup": "Temperature",
    "ConversionID": "Temperature",
    "FromUnit": "Kelvin (K)",
    "ToUnit": "Rankine (R)",
    "ConversionFactor": ") * 1.8"
  },
  {
    "ConversionGroup": "Temperature",
    "ConversionID": "Temperature",
    "FromUnit": "Kelvin (K)",
    "ToUnit": "Reaumur (Re)",
    "ConversionFactor": " - 273.15) * .8"
  },
  {
    "ConversionGroup": "Temperature",
    "ConversionID": "Temperature",
    "FromUnit": "Rankine (R)",
    "ToUnit": "Celcius (C)",
    "ConversionFactor": " - 32 - 459.67) / 1.8"
  },
  {
    "ConversionGroup": "Temperature",
    "ConversionID": "Temperature",
    "FromUnit": "Rankine (R)",
    "ToUnit": "Fahrenheit (F)",
    "ConversionFactor": ") - 459.67"
  },
  {
    "ConversionGroup": "Temperature",
    "ConversionID": "Temperature",
    "FromUnit": "Rankine (R)",
    "ToUnit": "Kelvin (K)",
    "ConversionFactor": ") / 1.8"
  },
  {
    "ConversionGroup": "Temperature",
    "ConversionID": "Temperature",
    "FromUnit": "Rankine (R)",
    "ToUnit": "Reaumur (Re)",
    "ConversionFactor": "- 32 - 459.67) / 2.25"
  },
  {
    "ConversionGroup": "Temperature",
    "ConversionID": "Temperature",
    "FromUnit": "Reaumur (Re)",
    "ToUnit": "Celcius (C)",
    "ConversionFactor": ") * 1.25"
  },
  {
    "ConversionGroup": "Temperature",
    "ConversionID": "Temperature",
    "FromUnit": "Reaumur (Re)",
    "ToUnit": "Fahrenheit (F)",
    "ConversionFactor": ") * 2.25 + 32"
  },
  {
    "ConversionGroup": "Temperature",
    "ConversionID": "Temperature",
    "FromUnit": "Reaumur (Re)",
    "ToUnit": "Kelvin (K)",
    "ConversionFactor": ") * 1.25 + 273.15"
  },
  {
    "ConversionGroup": "Temperature",
    "ConversionID": "Temperature",
    "FromUnit": "Reaumur (Re)",
    "ToUnit": "Rankine (R)",
    "ConversionFactor": ") * 2.25 + 32 + 459.67"
  },
  {
    "ConversionGroup": "Area",
    "ConversionID": "Area",
    "FromUnit": "Square Miles",
    "ToUnit": "Square Miles",
    "ConversionFactor": "1"
  },
  {
    "ConversionGroup": "Area",
    "ConversionID": "Area",
    "FromUnit": "Square Kilometers",
    "ToUnit": "Square Kilometers",
    "ConversionFactor": "1"
  },
  {
    "ConversionGroup": "Area",
    "ConversionID": "Area",
    "FromUnit": "Acres",
    "ToUnit": "Acres",
    "ConversionFactor": "1"
  },
  {
    "ConversionGroup": "Area",
    "ConversionID": "Area",
    "FromUnit": "Square Miles",
    "ToUnit": "Square Kilometers",
    "ConversionFactor": "2.58998811"
  },
  {
    "ConversionGroup": "Area",
    "ConversionID": "Area",
    "FromUnit": "Square Miles",
    "ToUnit": "Acres",
    "ConversionFactor": "640"
  },
  {
    "ConversionGroup": "Area",
    "ConversionID": "Area",
    "FromUnit": "Square Kilometers",
    "ToUnit": "Square Miles",
    "ConversionFactor": "1/2.58998811"
  },
  {
    "ConversionGroup": "Area",
    "ConversionID": "Area",
    "FromUnit": "Square Kilometers",
    "ToUnit": "Acres",
    "ConversionFactor": "1/2.58998811 * 640"
  },
  {
    "ConversionGroup": "Area",
    "ConversionID": "Area",
    "FromUnit": "Acres",
    "ToUnit": "Square Miles",
    "ConversionFactor": "1/640"
  },
  {
    "ConversionGroup": "Area",
    "ConversionID": "Area",
    "FromUnit": "Acres",
    "ToUnit": "Square Kilometers",
    "ConversionFactor": "1/640 * 2.58998811"
  },
  {
    "ConversionGroup": "Velocity",
    "ConversionID": "Velocity",
    "FromUnit": "ft/s",
    "ToUnit": "ft/s",
    "ConversionFactor": "1"
  },
  {
    "ConversionGroup": "Velocity",
    "ConversionID": "Velocity",
    "FromUnit": "mi/h",
    "ToUnit": "mi/h",
    "ConversionFactor": "1"
  },
  {
    "ConversionGroup": "Velocity",
    "ConversionID": "Velocity",
    "FromUnit": "m/s",
    "ToUnit": "m/s",
    "ConversionFactor": "1"
  },
  {
    "ConversionGroup": "Velocity",
    "ConversionID": "Velocity",
    "FromUnit": "km/h",
    "ToUnit": "km/h",
    "ConversionFactor": "1"
  },
  {
    "ConversionGroup": "Velocity",
    "ConversionID": "Velocity",
    "FromUnit": "ft/s",
    "ToUnit": "mi/h",
    "ConversionFactor": "1/1.46667"
  },
  {
    "ConversionGroup": "Velocity",
    "ConversionID": "Velocity",
    "FromUnit": "ft/s",
    "ToUnit": "m/s",
    "ConversionFactor": "1/3.2808"
  },
  {
    "ConversionGroup": "Velocity",
    "ConversionID": "Velocity",
    "FromUnit": "ft/s",
    "ToUnit": "km/h",
    "ConversionFactor": "1/.9113"
  },
  {
    "ConversionGroup": "Velocity",
    "ConversionID": "Velocity",
    "FromUnit": "mi/h",
    "ToUnit": "ft/s",
    "ConversionFactor": "1.46667"
  },
  {
    "ConversionGroup": "Velocity",
    "ConversionID": "Velocity",
    "FromUnit": "mi/h",
    "ToUnit": "m/s",
    "ConversionFactor": ".4470"
  },
  {
    "ConversionGroup": "Velocity",
    "ConversionID": "Velocity",
    "FromUnit": "mi/h",
    "ToUnit": "km/h",
    "ConversionFactor": "1.6093"
  },
  {
    "ConversionGroup": "Velocity",
    "ConversionID": "Velocity",
    "FromUnit": "m/s",
    "ToUnit": "ft/s",
    "ConversionFactor": "3.2808"
  },
  {
    "ConversionGroup": "Velocity",
    "ConversionID": "Velocity",
    "FromUnit": "m/s",
    "ToUnit": "mi/h",
    "ConversionFactor": "2.237"
  },
  {
    "ConversionGroup": "Velocity",
    "ConversionID": "Velocity",
    "FromUnit": "m/s",
    "ToUnit": "km/h",
    "ConversionFactor": "3.60"
  },
  {
    "ConversionGroup": "Velocity",
    "ConversionID": "Velocity",
    "FromUnit": "km/h",
    "ToUnit": "ft/s",
    "ConversionFactor": ".9113"
  },
  {
    "ConversionGroup": "Velocity",
    "ConversionID": "Velocity",
    "FromUnit": "km/h",
    "ToUnit": "mi/h",
    "ConversionFactor": ".6214"
  },
  {
    "ConversionGroup": "Velocity",
    "ConversionID": "Velocity",
    "FromUnit": "km/h",
    "ToUnit": "m/s",
    "ConversionFactor": ".2778"
  },
  {
    "ConversionGroup": "Density",
    "ConversionID": "Density",
    "FromUnit": "g/cm3",
    "ToUnit": "g/cm3",
    "ConversionFactor": "1"
  },
  {
    "ConversionGroup": "Density",
    "ConversionID": "Density",
    "FromUnit": "kg/m3",
    "ToUnit": "kg/m3",
    "ConversionFactor": "1"
  },
  {
    "ConversionGroup": "Density",
    "ConversionID": "Density",
    "FromUnit": "lbm/f3",
    "ToUnit": "lbm/f3",
    "ConversionFactor": "1"
  },
  {
    "ConversionGroup": "Density",
    "ConversionID": "Density",
    "FromUnit": "slug/f3",
    "ToUnit": "slug/f3",
    "ConversionFactor": "1"
  },
  {
    "ConversionGroup": "Density",
    "ConversionID": "Density",
    "FromUnit": "g/cm3",
    "ToUnit": "kg/m3",
    "ConversionFactor": "1000"
  },
  {
    "ConversionGroup": "Density",
    "ConversionID": "Density",
    "FromUnit": "g/cm3",
    "ToUnit": "lbm/f3",
    "ConversionFactor": "62.4279606"
  },
  {
    "ConversionGroup": "Density",
    "ConversionID": "Density",
    "FromUnit": "g/cm3",
    "ToUnit": "slug/f3",
    "ConversionFactor": "1.94032033"
  },
  {
    "ConversionGroup": "Density",
    "ConversionID": "Density",
    "FromUnit": "kg/m3",
    "ToUnit": "g/cm3",
    "ConversionFactor": "1/1000"
  },
  {
    "ConversionGroup": "Density",
    "ConversionID": "Density",
    "FromUnit": "kg/m3",
    "ToUnit": "lbm/f3",
    "ConversionFactor": ".0624279606"
  },
  {
    "ConversionGroup": "Density",
    "ConversionID": "Density",
    "FromUnit": "kg/m3",
    "ToUnit": "slug/f3",
    "ConversionFactor": "1/1000*1.94032033"
  },
  {
    "ConversionGroup": "Density",
    "ConversionID": "Density",
    "FromUnit": "lbm/f3",
    "ToUnit": "g/cm3",
    "ConversionFactor": "1/62.4279606"
  },
  {
    "ConversionGroup": "Density",
    "ConversionID": "Density",
    "FromUnit": "lbm/f3",
    "ToUnit": "kg/m3",
    "ConversionFactor": "1/.0624279606"
  },
  {
    "ConversionGroup": "Density",
    "ConversionID": "Density",
    "FromUnit": "lbm/f3",
    "ToUnit": "slug/f3",
    "ConversionFactor": "1/62.4279606*1.94032033"
  },
  {
    "ConversionGroup": "Density",
    "ConversionID": "Density",
    "FromUnit": "slug/f3",
    "ToUnit": "g/cm3",
    "ConversionFactor": "1/1.94032033"
  },
  {
    "ConversionGroup": "Density",
    "ConversionID": "Density",
    "FromUnit": "slug/f3",
    "ToUnit": "kg/m3",
    "ConversionFactor": "1/1.94032033*1000"
  },
  {
    "ConversionGroup": "Density",
    "ConversionID": "Density",
    "FromUnit": "slug/f3",
    "ToUnit": "lbm/f3",
    "ConversionFactor": "1/1.94032033*62.4279606"
  },
  {
    "ConversionGroup": "Mass",
    "ConversionID": "Mass",
    "FromUnit": "g",
    "ToUnit": "g",
    "ConversionFactor": "1"
  },
  {
    "ConversionGroup": "Mass",
    "ConversionID": "Mass",
    "FromUnit": "kg",
    "ToUnit": "kg",
    "ConversionFactor": "1"
  },
  {
    "ConversionGroup": "Mass",
    "ConversionID": "Mass",
    "FromUnit": "lbm",
    "ToUnit": "lbm",
    "ConversionFactor": "1"
  },
  {
    "ConversionGroup": "Mass",
    "ConversionID": "Mass",
    "FromUnit": "slug",
    "ToUnit": "slug",
    "ConversionFactor": "1"
  },
  {
    "ConversionGroup": "Mass",
    "ConversionID": "Mass",
    "FromUnit": "g",
    "ToUnit": "kg",
    "ConversionFactor": "1/1000"
  },
  {
    "ConversionGroup": "Mass",
    "ConversionID": "Mass",
    "FromUnit": "g",
    "ToUnit": "lbm",
    "ConversionFactor": ".00220462"
  },
  {
    "ConversionGroup": "Mass",
    "ConversionID": "Mass",
    "FromUnit": "g",
    "ToUnit": "slug",
    "ConversionFactor": ".00006852"
  },
  {
    "ConversionGroup": "Mass",
    "ConversionID": "Mass",
    "FromUnit": "kg",
    "ToUnit": "g",
    "ConversionFactor": "1000"
  },
  {
    "ConversionGroup": "Mass",
    "ConversionID": "Mass",
    "FromUnit": "kg",
    "ToUnit": "lbm",
    "ConversionFactor": "2.20462262"
  },
  {
    "ConversionGroup": "Mass",
    "ConversionID": "Mass",
    "FromUnit": "kg",
    "ToUnit": "slug",
    "ConversionFactor": ".06852177"
  },
  {
    "ConversionGroup": "Mass",
    "ConversionID": "Mass",
    "FromUnit": "lbm",
    "ToUnit": "g",
    "ConversionFactor": "1/.00220462"
  },
  {
    "ConversionGroup": "Mass",
    "ConversionID": "Mass",
    "FromUnit": "lbm",
    "ToUnit": "kg",
    "ConversionFactor": "1/2.20462262"
  },
  {
    "ConversionGroup": "Mass",
    "ConversionID": "Mass",
    "FromUnit": "lbm",
    "ToUnit": "slug",
    "ConversionFactor": ".03108095"
  },
  {
    "ConversionGroup": "Mass",
    "ConversionID": "Mass",
    "FromUnit": "slug",
    "ToUnit": "g",
    "ConversionFactor": "1/.00006852"
  },
  {
    "ConversionGroup": "Mass",
    "ConversionID": "Mass",
    "FromUnit": "slug",
    "ToUnit": "kg",
    "ConversionFactor": "1/.06852177"
  },
  {
    "ConversionGroup": "Mass",
    "ConversionID": "Mass",
    "FromUnit": "slug",
    "ToUnit": "lbm",
    "ConversionFactor": "1/.03108095"
  },
  {
    "ConversionGroup": "Volume",
    "ConversionID": "Volume",
    "FromUnit": "m3",
    "ToUnit": "m3",
    "ConversionFactor": "1"
  },
  {
    "ConversionGroup": "Volume",
    "ConversionID": "Volume",
    "FromUnit": "ft3",
    "ToUnit": "ft3",
    "ConversionFactor": "1"
  },
  {
    "ConversionGroup": "Volume",
    "ConversionID": "Volume",
    "FromUnit": "L",
    "ToUnit": "L",
    "ConversionFactor": "1"
  },
  {
    "ConversionGroup": "Volume",
    "ConversionID": "Volume",
    "FromUnit": "gal (US)",
    "ToUnit": "gal (US)",
    "ConversionFactor": "1"
  },
  {
    "ConversionGroup": "Volume",
    "ConversionID": "Volume",
    "FromUnit": "m3",
    "ToUnit": "ft3",
    "ConversionFactor": "35.3146667"
  },
  {
    "ConversionGroup": "Volume",
    "ConversionID": "Volume",
    "FromUnit": "m3",
    "ToUnit": "L",
    "ConversionFactor": "1000"
  },
  {
    "ConversionGroup": "Volume",
    "ConversionID": "Volume",
    "FromUnit": "m3",
    "ToUnit": "gal (US)",
    "ConversionFactor": "264.172053"
  },
  {
    "ConversionGroup": "Volume",
    "ConversionID": "Volume",
    "FromUnit": "ft3",
    "ToUnit": "m3",
    "ConversionFactor": "1/35.3146667"
  },
  {
    "ConversionGroup": "Volume",
    "ConversionID": "Volume",
    "FromUnit": "ft3",
    "ToUnit": "L",
    "ConversionFactor": "1/35.3146667*1000"
  },
  {
    "ConversionGroup": "Volume",
    "ConversionID": "Volume",
    "FromUnit": "ft3",
    "ToUnit": "gal (US)",
    "ConversionFactor": "1/35.3146667*264.172053"
  },
  {
    "ConversionGroup": "Volume",
    "ConversionID": "Volume",
    "FromUnit": "L",
    "ToUnit": "m3",
    "ConversionFactor": "1/1000"
  },
  {
    "ConversionGroup": "Volume",
    "ConversionID": "Volume",
    "FromUnit": "L",
    "ToUnit": "ft3",
    "ConversionFactor": "1/1000*35.3146667"
  },
  {
    "ConversionGroup": "Volume",
    "ConversionID": "Volume",
    "FromUnit": "L",
    "ToUnit": "gal (US)",
    "ConversionFactor": "1/1000*264.172053"
  },
  {
    "ConversionGroup": "Volume",
    "ConversionID": "Volume",
    "FromUnit": "gal (US)",
    "ToUnit": "m3",
    "ConversionFactor": "1/264.172053"
  },
  {
    "ConversionGroup": "Volume",
    "ConversionID": "Volume",
    "FromUnit": "gal (US)",
    "ToUnit": "ft3",
    "ConversionFactor": "1/264.172053*35.3146667"
  },
  {
    "ConversionGroup": "Volume",
    "ConversionID": "Volume",
    "FromUnit": "gal (US)",
    "ToUnit": "L",
    "ConversionFactor": "1/264.172053*1000"
  }
]